rating,date,content,review_length,weekday,text_length
5,2025-07-11,서울이 송파가 빛이 나요,13,Friday,13
1,2025-07-10,실내 위니비니 직원 개불친절,15,Thursday,15
5,2025-07-09,너무 재밌게 놀았어요,11,Wednesday,11
5,2025-07-05,와 개 무서웠다 아틀란티스 꼭 타보세요ㄷㄷ,23,Saturday,23
4,2025-06-28,"일단 놀이기구는 너무 재밋구 음식도 다 맛잇음
근데 키링이나 기념품 등 물건들의 가격이 비싸다ㅠㅠ",54,Saturday,54
4,2025-06-25,오랜만에 재밌었는데 어트랙션이 오래됐어요,22,Wednesday,22
5,2025-06-22,매직패스 없으면 패스,11,Sunday,11
5,2025-06-14,갈래말래갈래말래 애매하긴 해,15,Saturday,15
3,2025-06-12,노후되고 부서진것만 좀 고치고 야외 엘리베이터 냄새만 좀 어떻게 하면 좋겠어요,43,Thursday,43
5,2025-06-11,"환상의 나라
야간 퍼레이드 추천",17,Wednesday,17
4,2025-06-08,정말 오랜만에 방문하였네요 대기로 인해 힘들었지만 놀이공원이 주는 에너지가 있어서 설레고 기분 좋았습니다,58,Sunday,58
5,2025-06-06,이번에 첨 갔는데 진짜 재밌어요,17,Friday,17
5,2025-06-03,너므 재밌습니다 실내라서 더 좋고요 목요일에 가니까 사람이 없어요,36,Tuesday,36
5,2025-05-31,캬 재밌었다 스트레스 풀려면 여기 와야겠다 놀이기구들도 쟈밌고 퍼레이드도 오랜만이라 좋았다 Amazing,59,Saturday,58
5,2025-05-28,언제와도 재미있는곳 놀이기구도재밌음,19,Wednesday,19
1,2025-05-17,제발 세계에서 낙후된 놀이공원으로 꼽으라면 꼽힐것 같아요ㅜㅜ 지옥이 따로 없어요,44,Saturday,44
5,2025-05-16,재밌네여 기본적으로 아트란티스,16,Friday,16
5,2025-05-14,포켓몬 팬이라면 지금 가야 한다,17,Wednesday,17
5,2025-05-12,"월요일에 갔는데도 평균 대기시간 1시간1시간 30분 소요됐어요
사람이 많았지만 필수로 타야하는 어트렉션은 다 탄 것 같아요ㅎㅎ언제나 추억 가득한 롯데월드입니다 오늘 또 하나의 추억 만들고 갑니다",108,Monday,108
4,2025-05-10,얼마만의 롯데월드인가 5월 1일에 갔다가 열기구 타는데 세시간반 대기 기다린 7세 아들이 더 기적 식당도 대기가 길고비도와서 아일랜드 한바퀴만 돌기만 함 날씨 좋고 사람 적을 때  더보기,104,Saturday,104
5,2025-05-05,롯데월드 처음 가봤는데 너무 좋았음 매직패스 5개랑 종일이용권 가지고 8시까지 놀다옴 매직패스 꼭 쓰세요 아 맞다 그리고 롯데월드 특유의 분위기가 진짜 혜성특급 꼭 타시구여,96,Monday,96
1,2025-05-04,요즘 롯데월드 할게 없네,13,Sunday,13
1,2025-05-04,롳데월드 옛날 같지 않다,13,Sunday,13
5,2025-05-04,말모 아주 재밌죠,9,Sunday,9
2,2025-05-03,매직패스를 팔면서 일행합류새치기 하는 사람들 관리좀 하셨으면 좋겠어요 관광객끼리 서로 얼굴 붉히고 흥이 다 떨어집니다 특히 후렌치레볼루션 같이 인기어트랙션,86,Saturday,86
4,2025-05-02,"사람 너무 많음인기 놀이기구 기본1시간30분내가 갔을때 기준
그래도 재밌음 ㅎㅎ",44,Friday,44
5,2025-04-29,재미있었어요,6,Tuesday,6
5,2025-04-27,언제나 재미쭘,7,Sunday,7
4,2025-04-26,연간 2022년 2월에서2025년 2월까지 3번하면서 처음올땐 친절했으나 2023년 부터 몇몇 캐스트들이 불친절함 다 그러지는 않음 그러나  다른 시설 캐스트들은 친절하고 후룸라이드 캐스트들하고 친했음 그리고 손님상담실  더보기,127,Saturday,127
5,2025-04-26,우리는 이번에 롯데월드를 갔어요 그리고 이번에는 렛츠고 포켓몬 스프링캠프 공연을 받는데  요거 덕분에 더 재미있었어요 그리고 우리는 키링을 샀는데 뮤파이리가 나왔어요 그래서 집에 잘 보관하고 있습니다 아래 사진 보세요 꼭 풍선비행이  더보기,134,Saturday,134
5,2025-04-26,"실내여서 좋음
놀이기구도 재밌음",17,Saturday,17
5,2025-04-24,"롯데월드는 부지면적이 적지만 많이 안걸어도 된다는 장점이 있어유
ㅇ버ㄹ드 가려다가 당일 급하게 정했는데 역 더보기",63,Thursday,63
5,2025-04-20,필름카메라도 빌려주고 사진도 찍어줘서 추억 남기기에 좋은것 같습니다 항상 재밌게 놀다가네요,50,Sunday,50
5,2025-04-16,"딸이 무쟈게 좋아하네요 ㅎㅎ 
슬기로운 가족생활  
퍼레이드도 멋집니다",40,Wednesday,39
4,2025-04-08,아틀란티스b,6,Tuesday,6
1,2025-04-05,상한 커피 냄새나는 츄러스 잘생긴 남자친구와의 놀이공원,30,Saturday,30
1,2025-04-04,очень много людей никто не заботится чтобы распределить поток в итоге все стоят в очередях,90,Friday,90
2,2025-04-03,월요일에 갔는데도 날이 좋아서그런지 사람이 좀 있긴했는데요 확실히 주말보단 덜 붐비는거였을텐데 간식파는직원분들 하나같이 불친절합니다 주문받거나 간식설명할때 말 엄청 빨리하시는게 손님빨리빨리 보내버리고싶어하는게 많이 티나요ㅠ 더보기,128,Thursday,128
3,2025-04-02,"콜팝 찐 드세요ㅛㅛㅛ
근데 2024에 갔을때
중국인이 새치기해 더보기",38,Wednesday,38
5,2025-03-24,월드 오브 라이트는 10년만에 다시 찾은 롯데월드 어드벤처를 최고의 추억으로 만들었습니다 감사합니다,55,Monday,55
3,2025-03-21,"아주 좋습니다
서울로 여행오는 분들께 꼭 오시는것을 추천합니다",34,Friday,34
4,2025-03-11,"실내에서 놀거나 사진찍을거면 괜찮음
놀이기구 많이타고 놀려면 에버랜드 가야함",42,Tuesday,42
4,2025-03-09,여러 사람이 함께 놀기 좋은곳입니다만 관리가 조금 부족한것 같습니다,37,Sunday,37
5,2025-03-08,정말 너무하다 싶을정도로 재밌었습니다 제가 그렇게 놀이공원을 좋아하는사람이 아닌데도 쫄보인데도 재밌게 놀았어요 놀이기구를 무서워하시는 분들도 타실수 더보기,86,Saturday,86
5,2025-02-26,평일인데도 사람이 너무 많았지만 역시 너무 재밌었어요 빨리 새로운 놀이기구가 생겼으면 좋겠네요,52,Wednesday,52
5,2025-02-24,진짜너무재미있고 음식도맛있어요,16,Monday,16
3,2025-02-23,겨울에는 너무 추운 듯 ㅋㅋ 그리고 예약제 왜 있는지 모르겠음 결국 2번 기다려야 하고 줄이 더 길다 빛의 축제 퍼레이드도 좀 실속이 없음 애들은 좋아할 듯,87,Sunday,87
1,2025-02-22,"얼마나 많은 악플이 있는진 모르겠지만 저도 하나 적어봅니다 
유아 범퍼카가 얼마전 예약제로 바뀌었다고하네요 6시에 타러갔습니다 9시까지 마감되었다고 예약은 더이상 안된다고하네요
 23 더보기",106,Saturday,106
4,2025-02-22,너무 재미있고 가족들끼리는 처음오는거라 돈을 왕창쓴거같아여ㅋㅋㅋ퍼레이드도 이쁘고 놀이기구도 재미있고 스릴있어성 재미있어영 근데 그때 눈이마니와서 실외는 못갔는데 실내에 번지드롭이랑 더 재미있는게많았는뎅 구경만 하구왔어여ㅠㅠ,124,Saturday,124
1,2025-02-22,어릴적 자주 놀러갔었던 곳 인데 예전에 롤코 알바가 나만 투명인간 취급 해서 트라우마 생김 미친 ㅋ,55,Saturday,55
5,2025-02-22,"나의 초등학교 시절 좋은 추억을 선물해 준 곳
사실 재미보다도 롯데월드 안을 거닐던 그 설레는 분위기랑 떠들썩함이 좋았다 공간 자체가 나한텐 추억",81,Saturday,81
4,2025-02-20,너무 좋고 시설도 좋은대 물가가 미침,20,Thursday,20
1,2025-02-20,어플리케이션 수준최악임 ㅋㅋㅋㅋㅋㅋㅋㅋㅋㅋㅋ망한회사 어플리케이션 같음,38,Thursday,38
3,2025-02-17,진찌 재밌는데 넘 사람이 많아요,17,Monday,17
4,2025-02-17,오랜만에 갔는데 어린 시절로 돌아간 것 같아 좋았어요,29,Monday,29
2,2025-02-17,사람 ㅈㄴ많고 놀이기구 탈건 없고,18,Monday,18
5,2025-02-16,지하철을 통해 갈만 하네요,14,Sunday,14
1,2025-02-16,"호수에서 똥냄새남 뭔 별자리 다리 지나는데 똥냄새 개오짐ㄹㅇ

상품은 다양하게 잘 만드는거 같으나 돌려서 가지고 노는 장난감의 경우 내구성이 떨어짐 에버랜드랑 비교하면 에버랜드 장난감 더보기",106,Sunday,106
3,2025-02-16,사실 우리나라에 오면 꼭 오고 싶은 놀이 공원 중에 하나다 근데 놀이공원에 타는 시간보다 줄 서는 사람이 많아서 패스트 트랙 같은 것을 꼭 해야 잘 즐길 것 같네요그런데 뷰나 시설은 굉장히 좋아요 저번에 못 탄 놀이기구를 타러 다시 한번 기고 싶긴 해요,141,Sunday,141
5,2025-02-16,퍼레이드 때 어린이들에게만이 아닌 어른이인 저의 반쪽하트도 받아주셔서 너무 좋았어요,46,Sunday,46
1,2025-02-15,대기시간이 너무 길어요 사람들이 특정 어트랙션에 몰려있어 잘 즐기기 힘들어요,42,Saturday,42
5,2025-02-14,학교다닐때 한번쯤은 소풍으로 롯데월드 가봤을 MZ세대 신밧드의 모험타러 가봐야겠네요 자녀분들있으면 같이 가면 좋고 아니더라도 한번쯤이라도 놀 수 있게 해주시면 좋은 추억될거에요 롯데를 아무리 뭐라해도 우리의 추억에는 롯데월드가물론 에버랜드도 있죠,137,Friday,137
5,2025-02-13,굉장히 예쁘고 재밌어요,12,Thursday,12
3,2025-02-13,재밌어요 또가고 싶어요,12,Thursday,12
5,2025-02-10,안 간지 3년 정도 된 이용객 유튜브를 보던 중 번지드롭이 사라진다는데 정말인가요,45,Monday,45
5,2025-02-04,"주말에가서 후렌치 모든타임 다 타고 파라오 타고 후룸타고 혜성탔는디 진심 꿀잼
그리고 많이 탈라면 그 패슨가 뭔가 필수",66,Tuesday,66
2,2025-02-03,"퍼레이드 당시 5000원권 거스름돈을 받아야 했으나 1000원권을 받았습니다 실내 조명이 꺼져 어두워서 미처 확인하지 못했습니다만 처음부터 직원의 실수가 문제입니다 
잔돈 확인 잘 하십시오",105,Monday,105
4,2025-02-02,진짜 스릴 넘치고 재밌어요,14,Sunday,14
5,2025-02-01,300억 어트렉션 대박,12,Saturday,12
5,2025-02-01,회전그네와 번지드롭이 없어진다는 소식듣고 갔다,25,Saturday,25
5,2025-02-01,경치도 좋고 놀이기구도 재미있었어요,19,Saturday,19
4,2025-01-30,놀이기구랑 다 좋았는데 실내가 너무 넓어서 조금 불편했어요,32,Thursday,32
3,2025-01-29,명절연휴는 진짜 ㅋㅋㅋㅋ,13,Wednesday,13
5,2025-01-29,실내 놀이 공원이 있다는 그 자체로 본좌,22,Wednesday,22
1,2025-01-28,세상 쓰레기공원 돈값 못한다,15,Tuesday,15
5,2025-01-28,할인받아서 재밌게놀다왔습니다,15,Tuesday,15
5,2025-01-26,"진짜 성당에서 갔을때 짱이엿어요
놀것도 많고 기념품도 짱이쁨
진짜 환상에  더보기",45,Sunday,45
4,2025-01-24,아트란티스 최고,8,Friday,8
5,2025-01-20,"토요일이라 각오하고 갔으나 의외로 많이 타고 왔네요
입장은 10시 15분쯤해서 우선 롤러코스터류는 포기하고 처음에 파라오로 바로 이동 대기 20분 정도에 타고 해적선 예매줄이 없어서 30분 간격으로 2번 뽑아서 탐 신밧드는  더보기",129,Monday,129
5,2025-01-12,아이가 너무 좋아해요,11,Sunday,11
4,2025-01-12,평일에 적절히 데이트 코스로 오면 좋음 명절이나 공휴일은 줄서기 지옥이다,40,Sunday,40
1,2025-01-09,"시설을 떠나서 사기꾼인곳
2년전이지만 당시 8살 아들이 아동지역센터에서 단체로 갔는데
장난감 5000짜리인데 아이가 10000원주고 5000원 거스름돈 받아 더보기",91,Thursday,91
5,2025-01-09,"크리스마스 때 방문했는데 시간 가는 줄 모르고 놀았네요
너무 좋고 직원분들이 친절하셔서 좋았어요",53,Thursday,53
1,2025-01-08,"롯데월드가 조금씩 리뉴얼해서 점점더 좋아지고있네요 앞으로 더 좋아지면 좋겠어용 
기대하겠습니당 _",54,Wednesday,54
5,2025-01-08,롯데월드 정말 좋아요 앞으로는 소식을 준비해주세요,27,Wednesday,27
4,2024-12-31,"241230 방문
11시 쯤가서 6시30분까지 3개 탔어요
사람이 너무 많았고 예약줄도 오래 걸리고 예약시간 보다 빨리가도 1시간 정도 줄서서 타야하고 1개 더보기",91,Tuesday,91
5,2024-12-31,바로 사용가능하고 편리하네요,15,Tuesday,15
5,2024-12-30,너무 재밌었어요,8,Monday,8
5,2024-12-30,사람 구경도 마음껏 할 수 있고날씨도 춥지 않아서 좋습니다,32,Monday,32
5,2024-12-29,친구랑 놀았어요 사람많은데도5개 탔어요,21,Sunday,21
5,2024-12-29,합리적인 가격으로 좋은시간 보냈습니다,20,Sunday,20
5,2024-12-28,항상 너무  즐거운 곳이예요,15,Saturday,15
5,2024-12-28,재미있어서 사진을 못 찍었는데 짱 입니다,22,Saturday,22
5,2024-12-28,지하철역 연결 잘 되어있어서 접근성 좋아요 눈치게임 성공했을 때 다녀와서 인기 놀이기구 편하게 탔어요 ㅎㅎ 그리고 혼자 타는줄로 줄서서 빠르게 탑승했답니당,86,Saturday,86
4,2024-12-26,"놀이기구들 진짜 다 재밌긴 해요
근데 앱이 좀 구려요",29,Thursday,29
5,2024-12-22,"크리스마스 시즌이라 그런지 퍼레이드 많이 하네요
주말이라 사람 엄청 많네요ㅎㅎ겨울엔 역시 롯데월드",54,Sunday,54
1,2024-12-21,쓰는 돈에 비해 전반적인 퀄리티와 운영이 구림 주말은 어트랙션마다 대기줄 최소 1시간에 바글바글함 입장제한이  더보기,65,Saturday,65
1,2024-12-21,대체뭐가재밌는건지,9,Saturday,9
5,2024-12-19,넘 재밌어요,6,Thursday,6
5,2024-12-17,롯데월드는 언제나 재밌습니다,15,Tuesday,15
5,2024-12-15,진짜 너무 재밋어요ㅠㅠㅠ 사람 많은것만 빼면 너무 좋아요,31,Sunday,31
1,2024-12-13,"작년12월중순 신밧드의 모험에서 푹 떨어지는 구간에서 앞철봉에 이빨이 부딪혀 앞니가 깨진 20세 딸아이 엄마입니다
유치원 더보기",71,Friday,71
1,2024-12-10,타 놀이공원과 다른 복잡한 내부 구조에 불친절한 표지판들,31,Tuesday,31
5,2024-12-08,짜릿하고 즐겁게 놀다왔어요,14,Sunday,14
5,2024-12-07,더운 여름 뙤약볕에도 지붕이 있는 실내 테마파크라 시원하네요 매직패스는 꼭 3일전에 구입하셔서 놀러오시구요 처음 오시는 분들은 시작할때 월드모노레일이랑 풍선비행을 먼저 해보시는걸 추천드려요 다양한 놀이기구들이랑 놀거리가 많아서 아이들 완전 좋아해요,139,Saturday,138
5,2024-12-03,"엄마랑 할머니 모시고 방문한 롯데월드 
할머니는 롯데월드가 처음이셔서 더욱 특별한 추억이 되셨을거라고 생각해요",61,Tuesday,61
5,2024-11-27,혼자 다녀도 하루 종일 재미있게 놀 수 있다 싱글라이더 제도가 있기 때문에,41,Wednesday,41
1,2024-11-21,저도롯데월드가보고싶어요,12,Thursday,12
5,2024-11-14,눈치게임만 성공하면 최고의 하루가 될거에용,23,Thursday,23
5,2024-11-13,오랜만에 방문했어요 대기가 너무 많아 몇 개 못 탔지만 어린 시절로 돌아간 것 같아 행복했습니다,53,Wednesday,53
1,2024-11-09,"회전율 거지같고 어수선하고
테마도 통일 되지않고 따로따로 노는 느낌에 
물건도 밖에있는 물건들 한데모아 로고 붙인거 같음
인형도 신 더보기",77,Saturday,77
5,2024-11-09,"너무 재밌어요
친구들이랑 와도 표예매도 안했갈려서
좋아 더보기",34,Saturday,34
5,2024-11-05,애기가 더 신나요,9,Tuesday,9
5,2024-11-04,I going to,10,Monday,10
5,2024-11-04,아이와 재밌는 시간 보냈어요,15,Monday,15
3,2024-11-01,"최소 입장 30분 전에는 도착해야함
아틀란티스 타고 골로 가버리는 줄  ㅋㅋ",42,Friday,42
5,2024-10-31,아 너무 좋았구요 학교에서 현체로 당연히 가야하는 장소입니다 저는 조를 롯월 한 5번정도 오픈런한사람으로 조를짯는데요 우리조가 아주 빨라서 정확히 650에 집결장고인 남문정문에 왔읍니다 근 더보기,109,Thursday,109
2,2024-10-29,"옛날같지 않아요 돈독 올랐다고 느껴짐
예약 시스템 엉망진창임
앱을 만들어놓고 쓸일이 없음
차라리 아침 더보기",60,Tuesday,60
5,2024-10-28,처음에 들어가기전에기다리는시간이좀 많이걸리고입장료도비싸긴한데 탈것도많고먹을것도많아서좋아요무엇보다 밖에나오면 풍경이예쁘더라고요롯데월드가면 재밌개놀고올수있어서좋아요,89,Monday,89
5,2024-10-27,"올해3번째 방문했어요

 더보기",17,Sunday,17
1,2024-10-23,"집과 거리 때문에 에버랜드만 다니다 야심차게 5년만에 방문했는데 운영이 정말 과거대비 너무 맘에 안 드네요

 어쩐지 가족들은 거 더보기",76,Wednesday,76
1,2024-10-19,"후렌치 바이킹만 타고 가자 했는데
예약 아니면 못 탐
바이킹 싱글라이더도 줄 길다고 더 못 서게 제한함
예약줄이 너무 길어서 이럴거면 그냥 일 더보기",83,Saturday,83
5,2024-10-16,놋네눨느는 진리입니다 스마트생긴게 장단점있기는한데 개인적으로는 호,36,Wednesday,36
4,2024-10-06,완전 재밌었다 근데 스마트줄서기 모르는분들은 고생 많이 하실듯,34,Sunday,34
5,2024-10-04,간만에 찾아간 롯데월드하지만 사람이 많아서 기다림의 연속이었는그래도 재미있었다다시 예전으로 돌아간 느낌,57,Friday,57
5,2024-10-03,롯월 에버보다 좋아요,11,Thursday,11
5,2024-10-03,"롯데월드 햇님달님 중 달님 너무 타보고 싶어서 아는 애기들하고 저하고 같이 타봤습니다
롯데월드 햇님달님 중 달님 타봤는데 너무 재밌습니다
롯데월드 햇님달님 중 달님 너무 재밌어서 다음에도 또  더보기",111,Thursday,111
5,2024-10-02,A nice amusement park to visit even on a rainy day The décor is lovely and there are plenty of activities to enjoy,114,Wednesday,114
5,2024-09-30,wish I could stay there forever its just its always packed,58,Monday,58
1,2024-09-25,여름에는 비추 습하고 더움,14,Wednesday,14
1,2024-09-25,진짜 재미없고 여기가 무슨 신비의 낙원입니까 구라 치지 말고 놀이기구도 다 무서워요 진심 여기 내 스탈 아님 나 갔으면 에버랜드나 가겠다 그리고 롯데월드 일본기업 꺼에요 롯데 회사 일본꺼에요,106,Wednesday,106
4,2024-09-22,환상의 나라 롯데랜드,11,Sunday,11
4,2024-09-16,재미있고 볼거리도 많고 봄에 가면 벚꽃이 예쁨,25,Monday,25
4,2024-09-12,주차제외하고는 다좋지뭐 ㅠ,14,Thursday,14
5,2024-09-10,시설 개좋음,6,Tuesday,6
5,2024-09-10,롯데월드만의 감성은 못 이긴다,16,Tuesday,16
5,2024-09-08,I have good experience here enjoyed with my wife whole day  Comet Express is my favorite ride  I want to visit again only for Comet Express,140,Sunday,139
5,2024-09-04,롯데월드중에서 월드오프라이트가 재미있네요_,23,Wednesday,23
5,2024-09-02,"오랜만에 갔는데 재미있었음
싱글라이더가 정말 좋은 아이디어인듯",34,Monday,34
5,2024-09-01,더 말할것도 없지 그냥 쌈뽕함,16,Sunday,16
4,2024-08-28,줄 너무 길어서 놀이기구 한개밖에 못탔네요 그래서 다 예약제로 바꾸면 좋겠어요,43,Wednesday,43
1,2024-08-21,"사람많고 장소가 크니깐 많이 시원하지 않은건 이해합니다
모험과 신비의나라고 놀이동산 자체가 동심을 찾는 곳인데 직원들이 너무 싸가지가 바가지에요
초등학생들한 더보기",91,Wednesday,91
1,2024-08-20,흡연장소좀 늘리고 에어컨 설치 좀 하고 환풍장치좀 제대로 해놔라 좀,37,Tuesday,37
3,2024-08-17,"시설이 아주 많다 
그만큼 기다리는 시간도 김
재일 재밌는건 후룸라이드 기다리는데 2시간걸림 더보기",55,Saturday,55
1,2024-08-16,매직패스 ㅎㅎ 짜증나네요 5번에 5만원이 말이 되나연 ㅋㅋ 사람이 적은것도 아니고 뭐 바이킹 타는게 1시간 넘게 걸리는게 말이 되는건지 좀  의문이네요 이럴거면 에버랜드를 가지 몇년전에는 적어도 매직 더보기,115,Friday,115
1,2024-08-16,waited 3 hours and sat on only 1 game,37,Friday,37
5,2024-08-15,퍼래리드도 좋고 다좋아요,13,Thursday,13
5,2024-08-15,지인들이랑 같이 놀기도 좋고 확실히 매직패스도 값어치 있어서 다움에 올땐 꼭 살거같네요,48,Thursday,48
4,2024-08-14,우리나라 양대산맥의 놀이공원 각각 장단점이 있는데 롯데월드의 강점은 실내외 두루 놀이공원이 있는것 그리고 서울 중심에 있다는것이 아닐까 이번엔 코난관련 행사가 있었는데 규모가 실망스러 더보기,106,Wednesday,106
5,2024-08-13,넘나 재밌다아,7,Tuesday,7
3,2024-08-12,"사람이 넘쳐나고 매직패스 앞에 무력하고

아이들과 점심 저녁을 해결했는데 푸드코트 음 더보기",51,Monday,51
5,2024-08-07,감동적 감성은 정말로 멋지다,15,Wednesday,15
5,2024-08-06,"61 토요일 방문
14번 탑승 눈치게임 나름대로 성공

로떼월두  더보기",40,Tuesday,40
5,2024-08-04,자녀들과 행복한 시간 보냈어요,16,Sunday,16
1,2024-08-02,일부러 돈쓰고 동남아 후덥지근한 날씨 느끼러 갈 수 있는 곳 에어컨이 약한건지 인산인해 사람들 열기 때문인지 땀으로 샤워하고 옴 놀이기구는 기다림의 연속이라 탈 엄두도 안남 식당도 테이블  더보기,109,Friday,109
2,2024-08-01,"에어컨 개짜게틀어줌 실내에 있어도 땀줄줄남
다시는 여름 롯데월드는 안 갈 듯 더워서 죽는줄 쿨링 목베개 이딴거 팔 시간에 에어컨이나 제대로 틀길",80,Thursday,80
5,2024-08-01,"주말에 헬이지만 서울에 이만한 곳 없습니다

주차장 만석이니 잠실 더보기",40,Thursday,40
1,2024-08-01,"프리패스라는게 있는데
5회 대기시간 없이 탈수있는 방법인데
프리패스가 더보기",42,Thursday,42
5,2024-07-31,ㄱㄷㄱㄷㅋㅌㄱㄷㄱ,9,Wednesday,9
2,2024-07-29,"사람많은건 모르는사람 없을꺼고
1완전더움 실내도 에어컨약하게켜놓음
2애들 땀에적셔저서 쉰내범벅땀내 입냄새 더보기",62,Monday,62
5,2024-07-25,화장실 먼저 마음대로 자유롭게,16,Thursday,16
5,2024-07-24,재밌긴 한데 줄이 너무 기네요,16,Wednesday,16
5,2024-07-21,혜성특급타러 가고싶다,11,Sunday,11
5,2024-07-19,역시 롯데월드 최고,10,Friday,10
5,2024-07-16,몇몇 놀이기구는 예약 해야 되지만 그래도 다양한 놀이기구를 즐길수 있어 좋아요 하지만 대기시간은 견뎌내야겠죠,60,Tuesday,60
3,2024-07-16,여름에 실내가 더워요 반팔반바지 입어도 더워요,25,Tuesday,25
4,2024-07-15,뷰도 이쁘고 맛있는것도 많고 재밌네요,20,Monday,20
3,2024-07-12,금요일 애프터4 입장부터 대기줄이 있어서 10분 정도 걸림 자이로드롭 30분 대기 아틀란티스 포기 7월 너무 덥다 실내도 시원하지 않다,75,Friday,75
5,2024-07-11,올 때 마다 가슴이 벅차고 동심을 되찾은 느낌입니다,29,Thursday,28
4,2024-07-08,실내인게 큰 장점이지만 늘 사람이 많음,21,Monday,21
5,2024-07-01,"주차장 넓고 놀이시설 좋고 퍼레이드도 멋진 롯데월드
시간이 넉넉하다면 입장권만 시간이 적다면 프리패스로 즐겁게 다녀오기
딸과의 더보기",74,Monday,74
5,2024-06-28,"오늘 628 사람도 별로 그렇게 많진 않았고 18개 뽕뽑고 왔다
번지드롭 재밌는데 줄 짧아서 좋았음",55,Friday,55
4,2024-06-28,"628 눈치게임 대실패에요
롯데 오늘 뭔일이야",25,Friday,25
5,2024-06-28,"남편과 함께 즐거운 시간 보냈어요 
언제가도 즐거운 곳이예요",33,Friday,33
5,2024-06-26,여자친구와 가고싶은 롯데월드,15,Wednesday,15
5,2024-06-23,재밌었고 좋았습니다,10,Sunday,10
5,2024-06-23,퍼레이드가 멋져요,9,Sunday,9
5,2024-06-14,그냥 사진찍기용 놀이공원 놀이기구는 자유이용권 끈어도 못탐ㅋㅋ,34,Friday,34
5,2024-06-10,"언제나 즐거운 롯데월드입니다
그런데 제가 방문한 날 키즈 랜드 쪽 여자화장실에서 학생들이 담배를 피우던가 같습니다
키즈 존인데 담배냄 더보기",78,Monday,78
5,2024-06-08,"교복 입고 갔는데 왠지 누가 빵사오라 할거 같다
PTSD가 온다",35,Saturday,35
4,2024-06-07,"운이 좋게도 매직패스 안끊고 6개 탔어요 ㅋㅋ
후렌치 생각보다 진짜 안무섭고 재밌어요 다른 롤러코스터도 별로 안무서울것 같아용",70,Friday,70
4,2024-06-02,놀이기구 줄 너무 길어요 ㅋㅋㅋㅋ 매직페스 안사면 기다리기만 하다가 끝날듯요,42,Sunday,42
5,2024-06-01,사람 없을때 5시에 가서 5개는 이용했답니다하핳 너무 즐거웠어요,35,Saturday,35
4,2024-06-01,아이들 학교 끝나자마자 금요일 퇴근길을 뚫고 7시 입장했는데 3시간동안 알차게 보냈어요 생각보다 사람이 없는것 같았지만 결국 인기많은 어트랙션은 기다린다는것 주말은 매직패스 없으면 못타겠네요,106,Saturday,106
5,2024-05-30,사람만 안많으면 또가고싶어요,15,Thursday,15
5,2024-05-30,"얘전에 갔었는데 이제야 올려요
봄에 갔는데 주차가 ㅎㄷㄷ 주차만 30분
 더보기",44,Thursday,44
5,2024-05-29,할인된 가격으로 잘놀다왔어요,15,Wednesday,15
4,2024-05-25,즐거운 곳ㅎㅎ,7,Saturday,7
5,2024-05-25,롯데월드 재미있었고 츄러스는 필수에용 ㅋ ㅋ 모노레일 벚꽃명소,34,Saturday,34
5,2024-05-22,오랫만에 아이들과함께 왔는데 볼거리탈거리많고좋으네요사람이많아서 매직패스구매는 이제 필수인듯요,51,Wednesday,51
5,2024-05-21,"가고 싶고 또 가고 싶고 그렇데요
시간이 안되서 오후권으로 만족
담엔 오픈런을 꿈꾼다고",48,Tuesday,48
4,2024-05-18,요즘 시설이 많이 낡은게 느껴지지만 그래도 도심속에 이런 놀이공원이 있다는 사실이 좋아요,49,Saturday,49
2,2024-05-16,"사람은 무자비로 입장시켜놓고
놀이기구는 사람수에 비해서 
턱없이 부족하고
시간버리기 더보기",50,Thursday,50
5,2024-05-16,놀이기구 잘 타는 사람들에겐 심심하고 줄도 길지만 포토존도 괜찮고 비오는 날이면 다들 여기 가요,53,Thursday,53
5,2024-05-13,언제나 가도 재미있는곳,12,Monday,12
3,2024-05-10,"아이셋과 갔는데  저녁퍼레이드가 끝나고 8시20분에 스페인해적선앞에서 줄을 서고있는데 아르바이트인지 직원인지 하는 여자아이가 지금 줄서도 소용없다 8시30분부터 서야 유효하다
그10분동안을 수십명의사람 더보기",116,Friday,116
5,2024-05-03,사람 많아요 너무 더워요,13,Friday,13
4,2024-05-03,예약못함 많이아쉬움,10,Friday,10
5,2024-05-03,"눈치게임 실패
간만에 놀이기구타서 재밌었어요
사람 많아서 3개 더보기",38,Friday,38
5,2024-05-01,재미있게 놀았어요,9,Wednesday,9
5,2024-05-01,너무재밌어요,6,Wednesday,6
3,2024-04-27,아이스링크는 비추해요 가격에 비해서 빙질도 앙 좋고 슈즈도 별로에요,37,Saturday,37
5,2024-04-23,사람이 많긴 하지만 좋았어요,15,Tuesday,15
5,2024-04-23,눈치게임만 잘하면 됩니다,13,Tuesday,13
2,2024-04-22,눈치게임대실패,7,Monday,7
4,2024-04-16,환상의나라롯데월드로사람 너무 많은것만 빼면 최고,26,Tuesday,26
5,2024-04-14,ggggggggggggggg,15,Sunday,15
1,2024-04-13,모험 밖에는 무슬림들을 위한 기도실이 없습니다 안에서만 사용할 수 있습니다 기도실을 사용하려면 돈을 지불해야 합니다,64,Saturday,64
5,2024-04-13,어렸을때도 어른이어도 항상 즐거운 롯데월드,23,Saturday,23
5,2024-04-06,벚꽃명소 롯데월드,9,Saturday,9
5,2024-04-06,롯데월드 나이 들어서 가니까 더 재밌다,21,Saturday,21
5,2024-04-05,매직패스 짱,6,Friday,6
5,2024-04-02,오  예    동방신기 마법의성 동방신기슈퍼주니어 쇼미 러 러브 HOT 캔디 뮤비 영화 그놈 목소리2007출연설경구김영철김남주외 그외 다수 연예인 촬영지,85,Tuesday,85
4,2024-04-01,들어길때 직원이 불친절했어요ㅠㅠ 그래도 들어가서 재미있게 놀았어요 안틀란티스는 수리중이더리구요ㅠㅠ그래도 다른 자이로 놀이기구들이 굉장히 재미있어요,81,Monday,81
5,2024-03-29,작년에 방문했었지만 엄청 만족했어요,19,Friday,19
4,2024-03-24,놀이기구가 재밌고 풍경이 좋음,16,Sunday,16
4,2024-03-11,무조건 3월초 평일에 가야되는곳 3월초 평일 혜성특급 앞에 줄없는거 첨봄 안에 들어가면 줄 서긴해야되지만 아틀란티스 30분 대기하고 탄적 살면서 처음,83,Monday,83
1,2024-03-09,직원 영혼 1 공장이냐,12,Saturday,12
5,2024-03-09,"언제봐도 이뻐요
먹거리도 많고 데이트하기 좋아요",26,Saturday,26
5,2024-03-03,바이킹의 정석은 여윽시 롯데월드다 그리고 롯데월드하면 또 츄러스가 빠지면 섭섭하다 자이로드롭도 너무 재밌고 롯데월드 실내를 돌아다니는모노레일은 많이 흔들거리긴 하지만 실내를 한 번에 구경하고 더보기,110,Sunday,110
4,2024-02-29,평일에 갔는데도 사람이 너무너무너무너무 많음,24,Thursday,24
1,2024-02-25,"절대 오지마세요
사람 무조건 들여보내서 
웬만한 인 더보기",32,Sunday,32
4,2024-02-24,"아이들과 함께보내기 좋아요 
식당이나 쉴곳도 더욱 다양했으면",33,Saturday,33
1,2024-02-23,후룸라이드 줄섰는데 여기서 땅바닥에 앉아서 게임 하고 매직패스 주로 나가가지고 앉아 있다가 다시 들어 더보기,60,Friday,60
3,2024-02-20,"잼나긴 한데 
줄 너무 김
다시는 가고 싶지만
매직  더보기",33,Tuesday,33
5,2024-02-18,친구들과 갔는데 재밌었어요,14,Sunday,14
1,2024-02-14,"2월 13일 연휴 끝나고 사람이 엄청 몰렸지만 직원들 힘든거 아는데 진짜 어딜 가도 뭐 물어보지도 못할정도로 성질화난표정 ㅡㅡ 
특히 카트라이더 직원들이 최악이였음 제일 널 더보기",100,Wednesday,100
5,2024-02-12,아이들과 추운 날 놀기 좋은 곳 입니다 편의시설도 잘 되어 있네요,36,Monday,36
5,2024-02-08,겨울에 가서 그런지 밖은 겁나 추움  화요일에 갔다왔는데 대기 무슨일  그래도 재미있엇음,49,Thursday,49
5,2024-02-08,역시 롯데월드 놀이기구가 제일 재밌당,20,Thursday,20
2,2024-02-07,"몇 번만 가도 질리긴 하지만 그래도 실내라서 좋다
밥은 무조건 3층 민속박물관의 저자거리에 가서 먹는 걸 추천특히 더보기",67,Wednesday,67
5,2024-02-01,역시 롯월은 롯월 체험학습으로 갔는데 재밌었어요,26,Thursday,26
3,2024-02-01,"다 좋아요 퍼레이드 놀이기구다 좋은데
음식이 왜케 쓰레기인가요
햄버거엔 양배추 손톱만 더보기",51,Thursday,51
4,2024-01-29,매직패스 극혐이네요,10,Monday,10
5,2024-01-26,너무 재밌고 놀이기구도 재밌고 맛있는 음식들이 많아서 또 오고 싶습니다,39,Friday,39
4,2024-01-26,"부동의 롯데월드
서울에선 한번은 가봐야함
근데 정말 눈치게임 잘해야해서
추천하긴하지만 더보기",51,Friday,51
5,2024-01-24,프리패스권만 사면 더 빠르게 즐길 수 있음,23,Wednesday,23
4,2024-01-23,아트란티스에서 롯데타워 찍었어요,17,Tuesday,17
3,2024-01-23,이렇게 뭘 하나 타려고 하면 2시간씩 줄서야 하니 정말 매력이 떨어지는 곳이 되어버렸네요,49,Tuesday,49
5,2024-01-23,역시 꿈과 환상의 나라 재밌었어요,18,Tuesday,18
4,2024-01-23,추억이 있는곳 좋앗다,11,Tuesday,11
1,2024-01-22,직원들 친절 교육 좀 시키세요  괜히 놀러 갔다가  기분만 상했네요,37,Monday,37
5,2024-01-21,놀이동산은 언제 가도 즐거운듯,16,Sunday,16
5,2024-01-20,애인과 가고싶어요,9,Saturday,9
4,2024-01-19,음식이 대부분 비쌈 하지만 재밌음,18,Friday,18
5,2024-01-16,"사람이 너무 많긴 했는데 ㅋㅋ
그래도 잘 놀다 왔어요",29,Tuesday,29
1,2024-01-15,"방학이어서 
이따위로 운영하는지
매직패스를 구매해는데도 
들어가서 2 더보기",42,Monday,42
3,2024-01-15,"재밌고 친한사람과 가면 정말 좋지만
사람이 많을 때는 많아도 너무 많아서 힘듦",43,Monday,43
1,2024-01-14,지하 1층에 돈까스랑 떡볶이 파는 버거베어 진짜 별로다 주문 받는 파랑색 모자 아저씨 서비스 마인드 너무 없음 앞접시 달라고 하니까 엄청 귀찮다는 듯이 던져주고 메뉴 더 추가하려니까 말하기도 전에 끊네 교육이 좀 필요한듯,123,Sunday,123
3,2024-01-09,햄버거는 절대 사먹지 마시길,15,Tuesday,15
5,2024-01-06,"매직패스 없이 어트랙션 14회 탑승
후렌치레볼루션 4회 탑승 ㅋㅋㅋ
간만에 잘 놀고옴",47,Saturday,47
4,2024-01-06,꿈과 환상의 세계이긴 하지만 사람 많은 날에는 입장권만 사서 들어갈 순 없나요,43,Saturday,43
1,2024-01-01,에버랜드랑 차이가 너무 남 화장실도 더럽고 비데 없음 주차도 롯데월드 자유이용권있어도 3시간 무료고 나머지는 롯데월드 안 음식점이나 기념품샵에서 돈을 더 써야지 추가 주차시간 제공 에버랜드랑 다르게 케스트들도 하나도 안 웃고  더보기,130,Monday,130
5,2023-12-31,"꼭 말로해야하나
많은 사람들이 좋아하는 곳",23,Sunday,23
4,2023-12-26,"서울 강남 한복판에 위치한 잇점
석촌호수를 낀 아름다운 배경의 매직아일랜드
비오거나 추워도 끄떡없는 실내 어트랙션들
백 더보기",70,Tuesday,70
5,2023-12-25,"친구들이랑 같이 갔는데 너무 재밌었고 캐스트 분들도 너무 친절하셔서 좋았어요
다음에 또 갈게요",52,Monday,52
5,2023-12-25,아틀란티스를 볼수 있어,12,Monday,12
5,2023-12-20,비 오는 날에 와서 많이 즐기지 못 했는데 그래도 갑자기 운행하는 아틀란티스를 대기시간 340분 만에 탈 수 있어서 너무 좋았습니다  인생 첫 아틀란티스 인데 진짜 너무 재미있었고 실내 롯데월드 안에 있는 레스토랑은  더보기,125,Wednesday,125
5,2023-12-19,"23년도 즐거운 추억 만들었습니다 
기다리는게 조금은 힘들었지만 좋았어요",40,Tuesday,40
3,2023-12-17,아이들 시험이 끝나서 그런지 사람들이 너무 많았어요 그래도 재밌게 즐기고 왔습니다,45,Sunday,45
5,2023-12-16,음 두번째 딸과 함께 방문해 보았어요 예전 기억이 새록새록 풍선비행 예약제로 운영되니 입장하셔서 꼭 예약해놓고 다니세용  파라오분노는 너무 오래 기다렸어여 그곳에서 다 지친듯 그래도 딸은 기다린 보 더보기,114,Saturday,114
4,2023-12-15,롯데월드 오랜만에 가게 되었는데 평일 오전인데도 사람이 많았음ㅠㅠ 그래도 놀이 기구 많이 타고 좋았어요 정글보트는 겨울이라 ㅠ,70,Friday,70
5,2023-12-14,"주차료도 일 최대 3000원이고 탈것도 많아서 좋아요
딸이랑 잘 다녀왔습니다",42,Thursday,42
1,2023-12-13,"2시간 반 기다려서 하나 타고 다른거 타려니까 예약 마감되었다고 못타게 하고
딱 하나 타려고 여기 왔나 싶네요",61,Wednesday,61
1,2023-12-07,사람 미어터지는 이런 댈 왜가나,17,Thursday,17
5,2023-12-06,다음에 또 아이들과 갈께요,14,Wednesday,14
5,2023-12-01,평일인데도 사람은 꽤 있었지만 분위기 즐기다 왔습니다,29,Friday,29
5,2023-12-01,잘갔다왔습니다,7,Friday,7
5,2023-11-29,"항상 롯데월드는 즐거운 곳 같아요
대인소인 6만원으로 저렴하게 잘 다녀왔어요",42,Wednesday,42
5,2023-11-28,국내 테마파크중에서 인기가 제일 많은곳중 하나인데 왜 인기가 많은지 납득이 되었습니다 저는 지방사람이라 매직패스를 썼는데 아틀란티스 두번탔습니다 지금은 1번제한으로 바꼈더라구요,98,Tuesday,98
5,2023-11-26,"인기있는 놀이기구

예약제 운영은 정말 좋은 시스템같습니다 더보기",36,Sunday,36
5,2023-11-26,롯데월드의 감성크너무 좋습니다근데 인성이 쓰레기인 사람들이 너무 많아요롯데월드 탓은 아니고 그냥 화나서 적는건데 제가 회전그네를 기다리고 있었는데 한 아재가 저한테 쌍욕을 박네요와그런 사람들은 입 더보기,113,Sunday,113
1,2023-11-26,사람만 졸12321라많고 복잡해서 자유이용권 끊어도 제대로 못놉니다 여기갈바에는 에버랜드가길,51,Sunday,51
4,2023-11-25,사람많을때 없을때 편차 엄청나고 밖에놀이기구들 줄 짱짱김 안에 놀이기구도 길지만 대체적으로 안이 조금더 사람적음 또 멀미있는사람 주의하고 추울때 진짜 안에서만 노는거 추천 또 안에 간식들 의외로 맛있음,112,Saturday,112
5,2023-11-24,추워지는 날씨에 더 추워지기 전에 호다닥 다녀왔어요 롯데월드 말모 시즌별 컨셉 확실하고 달달구리 간식들 들고 돌아댕기기 놀이기구 타고 간만에 스트레스 확 풀엇네요,90,Friday,90
5,2023-11-23,"11월4일 방문했어요
23돌 아이와 갔는데 오픈런하니까 놀이기구도 많이 타고 좋았어요",47,Thursday,47
5,2023-11-22,아트란티스후렌치레볼루션는 너무 재밌어요 꿀잼,24,Wednesday,24
5,2023-11-17,너무 좋아요,6,Friday,6
5,2023-11-15,후기가 필요해요,8,Wednesday,8
1,2023-11-13,"마음이 아픔 어른의 시선이라 그런건지 아니면 롯데월드 내에서 대우가 안 좋은건지
캐스트 대부분이 지쳐있고 화가나있고 성을냄
마이크에 웅얼웅얼하고선 더보기",85,Monday,85
4,2023-11-11,사람이 너무많아요,9,Saturday,9
5,2023-11-03,"꺄르르 존잼
매직패스는 사는거 추천",20,Friday,19
5,2023-10-31,사람 별로 없을 때 가서 놀이기구 엄청 많이 탔어요 벌써 또 가고 싶네요 ㅎㅎ,43,Tuesday,43
3,2023-10-30,It is a famous place but there are too many people there was so much line that I couldnt get on some rides and the food is expensive and not very good,150,Monday,150
3,2023-10-28,"한국방문 중 아이들의 로망 
사람들이 너무많아 놀이기구타기가 힘들었지만
추억할 수 있었던 곳",51,Saturday,51
5,2023-10-25,좋아요 또 방문하고싶어요,13,Wednesday,13
5,2023-10-24,돈까스 맛있어요,8,Tuesday,8
1,2023-10-21,"거울벽인가 아무튼 남자 알바생 말이 뭔가 대충 말하는것 같았고 
여중여고딩 수준ㅉㅉ롯데월드 회전컵 탔을때 거의 토할 직전 이여서 더보기",75,Saturday,75
2,2023-10-19,범퍼카 모노레일 탑승장쪽 여자무쌍에 처진눈 양갈래 알바인지 직원인지 텃세지리고 싸가지 없음 괜히 갔다 기분 잡쳤네요,65,Thursday,64
5,2023-10-19,"잘 놀다 왔습니다
역시 놀이공원은 눈치게임만 잘하면 스트레스 해소에 탁월하다
아 육회비빔밥도 맛있었고 자이로스윙 처음 더보기",69,Thursday,69
5,2023-10-15,재미있는 어트렉션이 너무 많아요,17,Sunday,17
1,2023-10-15,롯데월드는 알바생이나 직원 관리가 안되는듯 한숨 푹푹 쉬며 싸가지없이 할거면 걍 집에서 잠이나 쳐잤으면 괜히 간 사람들 기분까지 잡치게 하지 말고,81,Sunday,81
5,2023-10-14,"딸 놀이기구 좋아하는데 아이는 처음 갔는데 
너무 좋았어요재미있었다네요",39,Saturday,39
2,2023-10-12,"앞에 가서 서도 입장하겠냐 어서오세요 말도 없고 ㅈㄴ 처다보고 방문객이랑 기싸움함 가만히 서있음 
어트랙션 알바들 돈 안받음   더보기",75,Thursday,75
4,2023-10-07,한번쯤은 갈만하지만 두번 이상은 추천 드리고 싶진 않습니다 예전엔 재밌는 놀이기구들이 많았었는데 지금은 썩 재밌진 않네요,67,Saturday,67
2,2023-10-04,놀이동산은 정말 최고 그러나 직원분들이 4가지가 없어요,30,Wednesday,30
5,2023-09-30,"예전만큼의 설렘은 없지만 이제는 기다리는게 힘들지만

누구나 느껴보았을 재미와 설렘의 장소 오랫동안 잘 되었으면 좋겠습니다",68,Saturday,68
5,2023-09-28,사람도 적당히 있고 좋았어요,15,Thursday,15
4,2023-09-27,한국 온 동생커플과 매직패스 최고,18,Wednesday,18
5,2023-09-26,롯데월드는 저희 집에서 가까운 놀이동산이고 재밌어요 시험 끝나고 다시 재방문 할려고 계획 중이예요,54,Tuesday,54
5,2023-09-23,재미있어요나중에 또 방문할께요,16,Saturday,16
5,2023-09-22,"어드벤처 매직아일랜드 둘다 볼 것도 탈 것도 많고 좋음
롯데타워 잘 보임",40,Friday,40
4,2023-09-17,늘 재미나게 놀고갑니다 근데 너무 바뀐게없어 좀 식상해요 사람두 너무많아서 줄거면2시간임 사진만 재미나게 찍고 맛나거 먹으면서 놀다갑니다,77,Sunday,76
4,2023-09-12,"베이비이용권 미리 구입해서 가세요
줄서서 기다리고 탈때쯤에 없으면 난처합니다
미리 알려주셨으면 좋겠어요",57,Tuesday,57
5,2023-09-02,"여기 완전 최고에요
실내도 많이 시원하고 토요일에 갔는데도 줄이 없어서 깜짝 놀랐어요
그때 놀이기구를 18번 탔는데 줄을 거 더보기",73,Saturday,73
2,2023-08-30,사람이 넘 많아서 가기 싫어요,16,Wednesday,16
1,2023-08-26,나 떨어트리고 얼마나 잘되나 보자,18,Saturday,18
1,2023-08-26,에어컨 관리 안하냐 겁나 더럽다,17,Saturday,17
5,2023-08-22,"820 일요일 방문

comet express 40분
아틀란티스 70분 기다림
나머지는 무 더보기",54,Tuesday,54
4,2023-08-20,bbbbbbb아이와놀자 모노레일,17,Sunday,17
4,2023-08-18,원래 놀이공원이다 오래기다리니까 그건당연한거긴한데 음료가격이좀비싸고 바깥쪽은 대기줄쪽에 그늘이별로없어서 바깥에서 기다리는건 더보기,72,Friday,72
3,2023-08-18,"롯데월드 사람 많은거는 하루이틀 일이 아니니 논외로 하고요

한여름이고 실내인데도 너무 더웠습니다 1층은 실내임에도 에어컨으로 시원하다는 느낌은 거의 받지  더보기",91,Friday,91
5,2023-08-13,시간되면 또 가고싶다,11,Sunday,11
5,2023-08-11,차를 가지고 가서 주차비가 많이 나올 줄 알았는데 안에서 밥 먹고 음료수 사먹었더니 할인 많이돼서 하루 종일 주차하고 3천원 내고 나왔어요 재밌게 놀고 기분 좋게 나왔습니다ㅎㅎ,98,Friday,98
5,2023-08-11,"롯데월드 사람이 너무 많아요 기본대기 25시간ㅠㅜ
재미는 있었는데 처음 가본 의무실 놀랐어요
의무실에 있는 것도 없고 더보기",69,Friday,69
4,2023-08-10,아이들이 좋아하지 않을수 없으나 음식값이 비쌈니다,27,Thursday,27
4,2023-08-10,일단 전반적으로 다 좋았어요 하지만 음식을 먹을때 테이블이 많이 없어서 서서먹는 경우가 생겼어요,53,Thursday,53
5,2023-08-10,엄청 즐겁고 재미있었습니닷,14,Thursday,14
3,2023-08-09,바글바글바글바글바글바글바글,14,Wednesday,14
3,2023-08-09,아이와놀자 포토존  사람은 정말 많았지만 퍼레이드와 라이트쇼가 멋졌어요,39,Wednesday,39
4,2023-08-09,재미있지만 사람이 늘 많아서 아쉬워요ㅜ,21,Wednesday,21
5,2023-08-07,재밌다 빨리 리모델링해서 새로운 기구 타고싶다 근데 물가가 너무 비쌈,38,Monday,38
5,2023-08-07,너무 재밌고 다음에도 또 오고 싶네요 사진은 동물원 토끼,31,Monday,31
4,2023-08-06,"사진과 달라도 너무 다른 식당음식
그래도 아이들은 정말 즐거워하고 좋아했어요
폭염이던 날이라 실내는 시원할까 기대했는데  더보기",71,Sunday,71
5,2023-08-05,재밌고 좋았는데 줄을 많이 섰어요,18,Saturday,18
4,2023-08-04,눈치게임 적절히 성공해서 웬만한건 다 타봤어요 ㅎㅎ,28,Friday,28
5,2023-08-04,2001ㆍ2010년에 가족끼리 가본 추억의 놀이동산입니다 에버랜드ㆍ이월드ㆍ오월드ㆍ서울랜드처럼 대한민국에서 알아주는 곳이죠,67,Friday,67
5,2023-08-04,좋아요 좋아요 정말좋아여,13,Friday,13
1,2023-08-04,"애들때문에 한 번은 왔지만 두 번을 오지 않을곳
계절로인한 실내라는 잇점 점수도 겨우 50점
실내 더보기",58,Friday,58
1,2023-08-02,"1점도 아까울 정도로 최악
우리 시간은 돈도 아니란건지 계속 매직패스만 들어가고 너무 실망스러워요 줄 서는데만 3시간 걸리니 일에 치이다 7년만 더보기",84,Wednesday,84
1,2023-08-02,너무 노잼 옛날에는 재미 있고 많은 추억을 만들었어요 다시 놀러 갈려고 한국으로 입국했는데 많은 기구들이 없어지고 어질러저있고 완전 실망이에요 롯데월드 완전 망해서 더이상 거기에 놀러 안가요 Cetait Grotesque,123,Wednesday,123
1,2023-08-02,"한여름에는 대형 비닐하우스
너무너무 더워요
특히 퍼레이드 할땐 사람들이 몰려서 자칫 잘못하면 압사 당할뻔 최악이다",63,Wednesday,63
1,2023-07-24,진심 후볼츠레볼레이션 싱글레이션 아예 타지 말라는건가 싶기도 하면서 1시간 넘게 기다렸는데도 안태워줌 예약한 손님만 태워주니까 아예 싱글레이션 왜 만든건지 모르겠고 예약같은거 아예 안했으 더보기,108,Monday,108
1,2023-07-23,예전에 야간할인으로 갔었는데 아무리 피곤해도 그렇지 알바생들 전부다 불친절했음 하기 싫은거 표정에 다 드러내고 힘든건 이해하지만 왜 그렇게 귀찮아하고 짜증을 내는지 철딱서니가 없어서 더보기,105,Sunday,105
1,2023-07-14,장마때 오는거 쉽지않아요 에어컨 안틀어줘서 덥고 습해여,30,Friday,30
5,2023-07-13,롯데월드최고,6,Thursday,6
5,2023-07-08,이번 여름 삼바축제 해서 더 시원하게 즐겼어요ㅎ포토존,29,Saturday,29
4,2023-07-06,지하1층에 츄로빅이라고 있는데 수제츄러스 꼭드세요 근데 1인분시키세요 2인분은 6개라 좀 많음,52,Thursday,52
5,2023-07-05,잘 놀다 갑니다,8,Wednesday,8
5,2023-07-04,"도심근처라 접근성이 좋고 
실내 실외에 다양한 놀이기구들이  더보기",37,Tuesday,37
5,2023-07-02,항상 최고의 힐링 플레이스,14,Sunday,14
5,2023-07-01,가고싶다 또 퍼레이드 넘 좋다 히힛,19,Saturday,19
5,2023-06-20,"매번 갈때마다 설레는 롯데월드
이번에도 재밌었음다
그런데 도대체 사람 없는날은 언제",46,Tuesday,46
5,2023-06-17,"실내에서 놀수 있다는 것이 가장 큰 베네핏
놀이기구도 거의 다 재밌고 무서운거 싫어하시는 분들도 탈거 많음",59,Saturday,59
5,2023-06-16,슬러시도 너무 맛있고퍼레이드가 너무 멋있었어요포토존도 있고 정말 또 가고 싶은 곳이네요,48,Friday,48
5,2023-06-15,입장료 빼고는 다 좋아요 굿,15,Thursday,15
3,2023-06-11,"무한기다림대기시간등 타 외국 놀이시설과는 차이나는점이 있네요 개선이 안되는건 왜일까
예약시스템등 어플등등으로 더욱 발전되었음 하네요",73,Sunday,73
5,2023-06-09,아틀란티스 눈물이 찔끔 나는 재미ㅋㅋ,20,Friday,20
5,2023-06-04,"아이와놀자 포토존 
놀기 쥬아요",17,Sunday,17
4,2023-06-01,오레오츄러스 또먹고ㅍㅏ,12,Thursday,12
5,2023-05-31,퍼래이드 사람 많음 제발 바이킹은 사람 많으니까 오후저녁아님퍼래이드 끝나면 가세요 사람 몰림 주의,54,Wednesday,54
4,2023-05-31,실내 공간이 주가되는 곳이라 날씨 영향을 비교적 덜 받으며 놀 수 있는 테마파크입니다 다 모여 있다보니 동선도 비교적 짧고요 문제는 그만큼 좁은 공간안에 많은 사람이 몰려 혼잡하고 대체로 대기가 길다는 문제이긴 하죠,120,Wednesday,120
4,2023-05-30,사람은 많았지만 너무 재미있었습니다 ㅎ,21,Tuesday,21
3,2023-05-29,그냥 많이 기다리고 짧게 타고 복잡해서 나가기도 쉽지않음,31,Monday,31
4,2023-05-27,"좋네용 역시 사람 많은 건 어쩔 수 없음
주말보단 아니겠지만 평일에도 사람 많아yo",46,Saturday,46
5,2023-05-25,꿈과 환상의나라ㅎㅎ줗네요,13,Thursday,13
5,2023-05-19,"Lotte Word was really beautiful and
I had a lot of fun there",60,Friday,60
3,2023-05-17,맛있긴했다 감튀그 유명한거 근데 사람 증말 많다서울 놀이공원 진짜 비성수기도 사람 많아서 몇개 못탐,55,Wednesday,55
4,2023-05-14,시설이 좋았고다시 가고 싶은 장소다,19,Sunday,19
1,2023-05-14,예전에는 장애인편의제도가 괜찮고좋앗엇어요다리가불편해도 참을만도햇고요 지금은 예약하라그러고 중증장애인들이 가기에는힘든곳같애요 솔직히 너무예약하고 기다리고 왓다갖다 또예약하기힘들어요,99,Sunday,99
2,2023-05-14,"예전보다 탈거가 줄었어요 초중고 애들 많아서
그냥 비추 그자체",34,Sunday,34
5,2023-05-12,너무 재밌고 자주가는데 사람은 좀 많아요,22,Friday,22
1,2023-05-11,"세계 최악의 놀이공원
놀이기구 퀄리티를 떠나서 일단 인원을 수용할 수 있는 인프라 자체가 안 됨",53,Thursday,53
5,2023-05-07,아트란티스트가 제일재미 있어요,16,Sunday,16
5,2023-05-07,10년만에 가도 롯데월드는 역시,17,Sunday,17
3,2023-05-05,"어떻게 평일에도 후룸라이드가 6시간이지
보통 다 교복입은 초 중 고 학생",40,Friday,40
4,2023-05-05,아이와 잘 다녀왔어요 역시 롯데월드,19,Friday,19
5,2023-05-04,롯데월드 놀이동산  너무 재미 있어요,20,Thursday,20
5,2023-05-04,재미이썽 꼭 매직패스하세오 아틀란티스 타세오,24,Thursday,24
5,2023-05-04,아틸란티스트가 줄인긴데 급정지와 속도가 재미있습니다,28,Thursday,28
3,2023-05-04,전망대나 아쿠아리움본 게좋았습니다 괜찮았어요,24,Thursday,24
5,2023-05-04,롯데월드 친구들이랑 처음 갔는데 재밌어요 ㅎㅎ,25,Thursday,25
4,2023-05-04,재밌었어요 솜사탕도 맛있고 츄러스도놀이기구보다는 먹으러 간 것 같지만 재밌게 잘 놀다왔어요,50,Thursday,50
3,2023-05-03,갈 때마다 음식의 퀄이 올라가서 좋아요 ㅎㅎ 다만 매직패스의 사용을 제한하고부터는 기다림이 너무 길어져서 롯데월드의 매력이 사라졌달까 3시간 기다릴 때 같은 사람이 3번 타는 거 보고 현타와서 ㅎ 다른 곳을 생각해볼 거 같아요,126,Wednesday,126
5,2023-05-03,오래만에 가서 넘 좋았어요,14,Wednesday,14
5,2023-05-03,평일에 아이랑 다녀왔는데 역시 평일에 가야 대기시간도 길지않고 좋네요,38,Wednesday,38
2,2023-05-02,아이의 추억을 위해 3인기준 하루 50만원돈 쓰고 가는데 과연 그럴만한 가치가 있나 싶다  매직패쓰 쓰는 입장에서도 불편함  굳이 입장할 더보기,80,Tuesday,80
1,2023-04-29,사람 좀 늘려서 줄 새치기하는 애들 잡아야지 개념없는 중학생들 와가지고 자기 지인 보이면 그냥 새치기하고 들어가는데 그런걸 한 두 번 본게 아님 누군 2시간 넘게 기다리는데 걔들은 새치기해서 20분만 기다리고 탐 직원들을 늘려서  더보기,132,Saturday,132
1,2023-04-20,입구부터 불친절함 애들이 많이 오는곳이니 손님이 만만해보이는듯 특히 입구에 나이많은 직원들은 동네마트 캐셔인줄 알았음 입구 물어보니 노룩으로 겁나 불친절답변 관리자같은 남자 아저씨ㅋㅋ 롯데는 서비스교육좀시키세요 대기업이 하는곳인데 저런거보면 정말 창피함,141,Thursday,141
1,2023-04-11,롯데 돈에 눈먼 건 알았지만 아이들이 노는 곳에서도 매직패스니 뭐니 하는 걸로 장사하는 거 정말 별로네요,58,Tuesday,58
1,2023-04-09,"야외줄 기다리면서 음식 사먹게할려고 안쪽 시원한곳에는 입장못하게 막아두고 밖에서만 줄서게하는거 진짜 양심 없음  
 더보기",68,Sunday,68
4,2023-04-01,벚꽃 시즌이라고 사람 엄청 많음,17,Saturday,17
5,2023-03-22,"친구랑 롯데월드와서  너무 재미있게 놀았어요
매직패스도 있어서 혜성특급이랑 아틀란티스 후렌치레볼레션도 탔어요 사람도 평일에가서 그리 많지않았어요",80,Wednesday,80
3,2023-03-22,몇년만에 왔는데 새로 생긴 것도 거의 없고 많이 낡았어요 석촌호수 돌며 멀리서 바라보는게 좋은듯요,54,Wednesday,54
2,2023-03-21,"놀이기구좀 더 만들어라
질린다",16,Tuesday,16
2,2023-03-14,익스트림 몇개 어트랙션 빼곤 나머진 볼것도 탈것도 옶고 대기는 기본 60분 이상 매직패스를 끊어야 그나마 탈수 있음,64,Tuesday,64
3,2023-03-11,매직패스 프리미엄 없이 금토일에 갈생각마쇼,23,Saturday,23
3,2023-03-07,110센티 안되는 아이가 이용가능한 시설이 턱없이 부족함,31,Tuesday,31
1,2023-02-28,생각보다 작고 붐빔,10,Tuesday,10
3,2023-02-25,사람 많고 매직패스 때문에 미치겠음,19,Saturday,19
1,2023-02-25,ㅠ 너무 기다림,8,Saturday,8
5,2023-02-20,저녁에 퍼레이드가 너무 예뻐서 좋네요근데 금요일에갔는데 줄이 너무기네요,39,Monday,39
4,2023-02-17,주차비 비쌈,6,Friday,6
5,2023-02-16,사람이 정말 많아요 그래도 신남 직원분들 친절하심,27,Thursday,27
3,2023-02-16,사람이 너무 많아,9,Thursday,9
3,2023-02-14,4년만에갔는데 사람이 많아서 많이기다리고 빨리 마감되서 2번밖에못탔다,38,Tuesday,38
3,2023-02-10,직원 불친절 빼곤 다 괜찮다,15,Friday,15
1,2023-01-25,쓰레기 놀이공원 그 자체 지방에 있는 놀이공원보다도 운영을 못함 주차장부터 느껴짐,45,Wednesday,45
5,2023-01-23,"어린 시절의 추억이 담긴곳 근데 놀이기구 슬슬 갈을때 되지 않았을까 싶다

최근 다시 다녀왔는데 놀이기구가 새로 추가된 것들이 더보기",74,Monday,74
5,2023-01-22,1월20일에 추석연휴전이라 사람도많이 없고 저희가 아침11시부터 밤9시30분까지놀고재미있는걸7개 네 탄네요 너무 재미있어요,68,Sunday,68
1,2023-01-19,캐스트들 진짜 과하다 싶을정도로 지친거 너무티내고 11시밖에 안 됐었는데 친절은 바라지도 않음 왤케 손님들을 혼냄 놀이기구는 구려도 서울랜드가 친절도는 훨 높음 하기싫으면 퇴사하던가 왜 손님한테 짜증을 부려,115,Thursday,115
1,2022-12-31,좁아터지고 미어터짐 알바는 생기 1도없고 탈만한 것들은 타지도못함,36,Saturday,36
5,2022-12-26,너무 재밌고 음식도 가격이 좀 비싸지만 맞있네요,26,Monday,26
5,2022-12-17,재밌어요 행복해요,9,Saturday,9
1,2022-12-03,"일단 성인용은 아님
어린아이랑 같이오기 좋음

그 더보기",31,Saturday,31
5,2022-11-29,서울에서 가깝고 실내라서 좋아요,17,Tuesday,17
1,2022-11-24,"진짜 핵노잼이네
서울에 있다는 것 말고 장점이 없음",28,Thursday,28
1,2022-11-14,한국인 의견은 묵살하고 일본기업 기살려주는 댓글검열 그만해라,33,Monday,33
1,2022-10-31,"이번 할로윈 시즌 때 27일날 갔다 온 사람임 
사람 많은건 이해하겠는데 경호팀이고 안내팀이고 큰 더보기",58,Monday,58
1,2022-10-22,2시간 기다려서 하나 타고 3만원냄 주말에 온 내가,29,Saturday,28
5,2022-10-17,재밌게 놀다왔습니다,10,Monday,10
1,2022-10-09,"좁은 공간에 인원 제한 없음
어디가든 대기줄
우천시 운 더보기",34,Sunday,34
1,2022-10-02,10월2일 6시에 온 사람들한테는 인간적으로 환불해줘라 ㅜㅜ,33,Sunday,33
5,2022-09-16,사람만 적다면 더 좋았을 거 같아요 눈치게임 실패ㅠㅠ,29,Friday,29
5,2022-08-31,"몇몇 댓글보구 다시 써요
비안와도 운행안하는건 점검중일수도 있죠
저는 저날 비 그쳤는데 최대한 빠르게 다시 이용할수 있도록 직원들이 점검중이였어요 대부분  더보기",90,Wednesday,90
1,2022-08-29,비오는날 가면 가격은 맑은날이랑 똑같이 받으면서 비 안와도 실외 아예 타지 못하게 막아둠 또 뭐 죄다 점검한다고 닫아서 실내 놀이기구  더보기,79,Monday,79
5,2022-08-23,즐거운 추억 만들고갑니다,13,Tuesday,13
5,2022-08-21,또 가고 싶다,7,Sunday,7
5,2022-08-12,롯데 워얼두,7,Friday,6
3,2022-08-11,놀거리는 많은데 핫플이라서 사람들이 끊임없이 많은곳이다보니 거기에서 내가 타고싶은 놀이기구가 있어도 못탈뻔한적이 많이 있었고 심지어 매직패스 이용해도 오래 기다려야했고 근데 ㅋㅋㅋ 어렸을때 더보기,109,Thursday,109
1,2022-08-06,"차 입장하는데 1시간 주차하는대 40분
사람들이 너무 많아 사람구경만하고
결정적 더보기",48,Saturday,48
3,2022-07-29,입장료 생각하면 에어컨 설치 좀 합시다 사람들은 많아서 실내 온도는 높은데 에어컨이 없어서 너무 더워요 특히 모노레일은 기다리다가 쓰러지겠어요,79,Friday,79
5,2022-07-28,모험과 신비가 가득했다,12,Thursday,12
2,2022-07-25,다른 놀이동산보다 직원들이 뭔가 친절하지 않아요 접근성이 좋아서 갑니다,39,Monday,39
1,2022-07-25,유료 매직패스 필수 자유이용권 구입시 앱에서 제공되는 매직패스 이용권 3개는 나훈아 콘서트 예매 수준의 경쟁률로 사실상 사용 불가 전체적으로 놀이기구의 퀄리티는 떨어지나 대기시간은 지나치게 길어서 기다리다 지치고 더보기,122,Monday,122
5,2022-07-12,너무 재미있어요 ㅎㅎ,11,Tuesday,11
1,2022-07-02,"진짜 닥치고 매직패쓰 사라
좀 기다리면 되겠지 이런 안일한 생각 절대 씨바루절대하지마라",48,Saturday,48
5,2022-06-15,사람이 많을 뿐이지 우리나라에서 테마파크 분위기 개인적으로 제일 좋은듯,39,Wednesday,39
5,2022-06-12,너무 제미셧어요,8,Sunday,8
5,2022-06-04,직원들 친절하고 좋습니다 새로 생긴 기구도 재밌었음,28,Saturday,28
4,2022-06-04,너무 오랫간만에 갔는데 변함없이 괜찮네요 코로나 없어져서 어린이들이 많이 찾으면 좋겠네요 ㅎㅎㅎ,53,Saturday,53
5,2022-05-18,빨리 리모델링 했으면 좋겠다,15,Wednesday,15
5,2022-05-03,"또 가고싶은 곳이다
추억에 남을곳",18,Tuesday,18
5,2022-04-27,나의 추억중추억인 놀이동산 또 가고 싶어,22,Wednesday,22
5,2022-04-17,"후기 왤케다들 부정적임 짱재밋기만하구만ㅋㅋㅋㅋㅋㅋㅋㅋㅋㅋㅋㅋㅋ 몇시간씩 기다리고 하나 타는게 놀이공원이 다 그렇지 뭐 이런걸로 후기를써
교복이쁜거 대여해서입고 입장권 할인받아서 2 더보기",104,Sunday,104
1,2022-04-16,"10대들의 놀이터  너무 지저분 
노후시설들 더보기",28,Saturday,28
1,2022-03-30,"낡고 10년전과 똑같음
후름라이드 신밧드 아마존 물냄새 엄청남
가격만 올리고 개별로",46,Wednesday,46
1,2022-03-25,알바생 구뭐시기인가 싸가지 개없네 ㅋㅋㅋ 자이로 드롭 타기 싫다니깐 시비걸면서 쫄 이러네,49,Friday,49
5,2022-03-23,요즘 사람 1도 없어서 아트란티스 5번 쌉가능,25,Wednesday,25
5,2022-03-13,환상의 나라는 에버랜드,12,Sunday,12
5,2022-03-02,바이킹 짱 재미있음,10,Wednesday,10
1,2022-02-28,2시간 기달려서 하나 타기 실화냐    어째 10년전이나 똑같냐 나들이 완전히 망쳤다,47,Monday,47
5,2022-02-25,최고 롯데월드,7,Friday,7
5,2022-02-23,재밌다아아아아아아아아,11,Wednesday,11
1,2022-02-07,연간회원 하루1번만 들어갈수있음오전오후 상관없이 1회방문만 됨,34,Monday,34
1,2022-01-16,기대하고 갔는데 대구 월드가 훨씬 더 나음,23,Sunday,23
4,2022-01-16,매직패스는 거의 필수네요 그거 없으면 1시간은 기본으로 기다려야되고 심하면 2시간 기다려야돼요,52,Sunday,52
