rating,content,date,filter_index,review_length,weekday,text_length
5,정말 좋아요 하지만 줄이 엄청 길기 때문에 오픈하자마자 바로 가세요 여유가 되시면 매직 패스를 구매하세요,2025-07-08,0,58,Tuesday,58
5,롯데월드는 다양한 음식과 놀이기구 경치를 갖춘 가족 친화적인 테마파크였습니다,2025-06-03,0,42,Tuesday,42
5,평일에 패스트패스 샀는데 진짜 괜찮아요 놀이공원이 스릴 넘치네요,2025-06-02,0,35,Monday,35
5,귀여운 테마파크  글을 쓰는 시점에 이벤트로 포켓몬을 테마로 했고 귀여운 사진 촬영이 많았어요 교복을 빌리는 건 재밌었어요 5시간 동안 3개의 놀이기구를 탈 수 있었고 줄이 꽤 길었어요 모든 것을 타고 싶다면 매직 패스를 사는 걸 추천해요 하지만 매직 패스 없이도 바이브는 여전히 엄청 귀여웠어요,2025-03-31,0,165,Monday,165
5,부산에서 당일치기 여행을 하는 사이에 시간이 있다면 롯데월드 어드벤처 부산은 특히 아드레날린 중독자들에게 시간을 보내기에 좋은 방법입니다 테마파크는 결코 실망시키지 않습니다 특히 한국의 테마파크는요 롯데월드 어드벤처 부산은 면적이 서울보다 넓지만 놀이기구는 적습니다17 그래서 비행기나 기차 사이에 무언가 만족스러운 것을 필요로 하는 사람들에게 매우 적합합니다,2024-08-12,0,201,Monday,201
5,서울에서 제가 가진 최고의 경험 중 하나였습니다 할 것도 먹을 것도 정말 많아요 티켓도 비싸지 않으니 서울에 있는 동안 꼭 방문해보세요,2024-08-11,0,75,Sunday,75
5,서울에서 꼭 가봐야 할 명소  롯데월드  놀이공원 좋아하세요 정말 재밌어요 그래서 저는 롯데월드 공원을 탐험하기로 했고 여러분과 정보를 공유하고 싶어요 매우 인기 있는 곳이기 때문에 공원이 문을 여는 오전 10시에 오는 것을 권합니다 1112시까지는 사람이 많지 않고 사람이 많지 않은 놀이기구를 즐길 수 있어요  공원은 실내와 실외로 나뉘는데 가장 스릴 넘치는 놀이기구는 실외에 있어요  그리고 귀여운 사진을 찍을 수 있는 아름다운 성도 있어요 놀이공원 안에는 다양한 길거리 음식과 음료가 있으니 주저하지 말고 맛보세요 이름 롯데월드 롯데월드 주소 서울 송파구 잠실동 401  서울 송파구 올림픽로 240 잠실 지하철역 4번 또는 3번 출구,2024-07-29,0,359,Monday,359
5,서울 최대의 테마파크 목적지 중 하나로 실내 롯데월드 어드벤처와 야외 매직 아일랜드가 통합되어 있습니다 스릴 넘치는 놀이기구와 엔터테인먼트로 가득합니다,2024-02-20,0,84,Tuesday,84
5,로또 월드 어드벤처는 멋진 명소와 모험으로 가득한 훌륭한 공원입니다 물론 내년에도 다시 올 것입니다,2025-01-17,0,55,Friday,55
5,저는 조카들과 함께 이곳에 왔습니다 그들은 이곳을 정말 좋아했습니다 이곳은 6070의 사람들이 유니폼을 입고 있는 곳입니다 여기서 독특한 경험을 할 수 있을 겁니다 하하 하지만 놀이기구를 타려면 너무 많은 시간이 걸릴 겁니다 우리는 놀이기구가 없거든요 우리는 그저 말 그대로 분위기를 경험하고 싶을 뿐입니다,2024-09-28,0,171,Saturday,171
5,놀 거리가 많아서 괜찮다면 긴 시간 줄을 서야 할 수도 있습니다 봄에 갔는데 롯데월드를 따라가는 길에 많은 벚꽃나무가 있었습니다 벚꽃이 정말 아름다웠습니다 아름다운 풍경을 바라보며 산책을 즐겼습니다,2024-07-29,0,110,Monday,110
5,정말 놀라운 경험이었습니다 할 일이 정말 많아요 여기 티켓은 DSPDiscover Seoul pass 카드에 포함되어 있어서 을 지불할 필요가 없지만 청구하려면 다른 게이트를 사용해야 합니다 DSP 소지자는 Wild Gate에서 청구할 수 있습니다 주소 서울특별시 송파구 올림픽로 240 추천 이유 모두에게 좋음,2024-08-26,0,174,Monday,174
5,Lotte World Adventure에서 환상적인 하루를 보냈습니다  실내 및 실외 테마파크에는 재미있는 놀이기구와 명소가 가득합니다 퍼레이드와 쇼가 마법 같은 느낌을 더합니다 서울에서 가족과 함께 하루를 보내기에 완벽합니다,2024-07-31,0,127,Wednesday,126
5,밤이 끝날 무렵 퍼레이드를 구경하세요 놀이기구는 재미있고 대기 시간도 그렇게 길지 않습니다 안팎으로 놀이기구가 있고 먹을 곳도 있습니다,2024-03-07,0,75,Thursday,75
5,가족이나 친구와 함께 하루를 보내기에 좋은 곳으로 모든 연령대를 위한 실내 및 실외 어트랙션이 있으며 매 시간마다 쇼가 펼쳐집니다 패스트 패스가 없다면 놀이기구를 타려면 약 30분 줄을 설 준비를 하세요,2024-11-23,0,113,Saturday,113
4,lotte world 안에는 많은 게임이 있습니다 2개 구역 건물 내부와 건물 외부롤러코스터 우주선과 같은 익스트림 게임 패키지에는 lottle aquarium도 있습니다 제 아이들은 수족관을 너무 좋아했습니다,2024-02-26,0,117,Monday,117
5,여러분 서울 가족 여행 중 롯데월드 방문은 정말 최고의 순간 중 하나였어요 이 테마파크는 누구에게나 특별한 경험을 선사하기 때문에 모든 연령대의 아이를 둔 가족에게 완벽한 여행지예요 도착하는 순간부터 파크의 엄청난 규모에 감탄했어요 실내 어드벤처와 야외 매직 아일랜드 두 구역으로 나뉘는데 실내 구역은 비 오는 날에도 신나는 놀이기구 매력적인 쇼 그리고 축제 분위기로 가득해요,2024-08-27,0,210,Tuesday,210
5,롯데월드 어드벤처는 대한민국 서울에 위치한 대형 테마파크입니다 실내 테마파크 쇼핑몰 고급 호텔 등을 갖춘 더 큰 규모의 롯데월드 단지에 속해 있습니다,2024-08-16,0,83,Friday,83
5,6070가 유니폼을 입은 사람들로 가득한 곳이에요 여기서 특별한 경험을 하실 수 있을 거예요 하하 하지만 놀이기구를 타려면 너무 오래 걸릴 거예요 저희는 놀이기구가 없거든요 그냥 분위기만 느끼려고요,2024-08-09,0,110,Friday,110
5,롯데월드 어드벤처는 정말 넓은 시설이에요 할 게 너무 많아서 지루할 틈이 없어요 마치 거대한 실내 테마파크와 쇼핑몰이 하나로 합쳐진 것 같아요 꼭 가봐야 할 곳이지만 최대한 재밌게 즐기려면 하루 종일 시간을 내야 할 것 같아요 다양한 모험을 서두르고 싶지는 않을 거예요 강력 추천합니다,2024-08-06,0,159,Tuesday,159
5,좋은 전망과 아름다운 곳이에요 매번 여행을 가야 해요 여기 갈 계획이 있어야 해요 여기가 제일 재밌는 곳이고 정말 좋아요,2024-08-06,0,67,Tuesday,67
5,가족과 함께 가기 정말 좋은 곳이에요 실내외 액티비티와 놀이기구가 있어서 날씨에 상관없이 즐길 수 있어서 좋아요 놀이기구는 미국 식스 플래그 테마파크에 비하면 아무것도 아니에요 디즈니랜드 수준이에요,2024-08-03,0,110,Saturday,110
5,롯데월드 어드벤처는 규모가 정말 큽니다 아이와 어른 모두 즐길 수 있는 훌륭한 테마파크입니다 온종일 즐거운 시간을 보낼 수 있는 다양한 놀이기구가 준비되어 있습니다,2024-06-09,0,91,Sunday,91
5,롯데 어드벤처는 한국 서울의 롯데월드 단지 내에 위치한 실내 테마파크입니다 모든 연령대의 방문객을 대상으로 다양한 어트랙션과 놀이기구를 제공합니다 스릴 넘치는 롤러코스터부터 가족 친화적인 어트랙션까지 롯데 어드벤처는 모든 사람에게 즐거움이 가득한 경험을 제공합니다 또한 롯데월드 타워라고도 알려진 롯데 타워는 서울의 유명한 랜드마크이자 세계에서 가장 높은 건물 중 하나입니다 높이가 550m가 넘으며 사무실 고급 호텔 주거 시설 도시의 숨 막힐 듯한 전망을 제공하는 전망대가 있습니다 롯데 어드벤처와 롯데 타워는 엔터테인먼트 레저 멋진 스카이라인 전망을 결합하여 서울의 상징적인 목적지를 만들어냅니다,2024-03-27,0,335,Wednesday,335
4,롯데월드에는 게임이 많이 있어요건물 안과 건물 밖 게임 평일에도 사람이 너무 많아요 우리 아이들은 긴 줄이 없는 몇 가지 게임만 할 수 있어요,2024-02-25,0,79,Sunday,79
5,엊그제께 서울 잠실 롯데월드를 지인과 함께 다녀왔어요긴연휴여서 그런지 사람들이 정말 많더라구요 낮12시쯤에 도착해서 밤9시쯤에 떠났는데 놀이기구 5개밖에 못탔어요 줄서는 시간이 넘길었네요그래도 오래간만에 와서 그런지 재밌더라구요특히 밤에 아틀란티스에서 야외야경이 멋져서 사진도 찍었네요,2023-10-04,0,159,Wednesday,159
5,매우 아름답고 규모가 큰 테마로 모든 사람을 만족시킬 수 있는 다양한 놀이기구가 있습니다 가족 친화적 실내와 실외 공원이 모두 있습니다,2025-03-28,0,75,Friday,75
5,저는 가족과 즐거운 시간을 보냈습니다 제 아빠는 지금 57세인데 지난번에 우리가 거기에 갔을 때는 어떤 게임은 정말 무서웠지만 항상 저와 함께 있었습니다,2025-02-19,0,85,Wednesday,85
5,실내 공원은 잘 조직되어 있으며 다양한 놀이기구 어트랙션 쇼가 있어 다양한 스릴 레벨을 충족합니다 특히 저녁 시간대의 야외 구역은 도시의 멋진 전망과 함께 아름다운 분위기를 제공합니다 직원들의 전반적인 청결함과 친절함이 경험을 더욱 풍부하게 합니다 식사 옵션은 다양하지만 비쌀 수 있습니다 특히 주말에는 군중에 대비해야 하지만 전반적인 흥분과 다양성이 기억에 남는 방문을 만들어줍니다,2024-10-18,0,214,Friday,214
4,매우 예쁘고 적어도 한 번은 방문할 가치가 있습니다 하지만 가장 좋은 방문 시간을 찾아야 합니다 붐빌 때는 줄이 매우 길어서 시간이 많이 걸립니다 커플에게는 좋은 위치입니다,2024-10-06,0,96,Sunday,96
5,정말 재밌었어요 실내외 액티비티가 있어서 날씨에 상관없이 즐길 수 있어요 놀이기구를 타려면 줄이 길어질 수 있어요,2024-09-29,0,63,Sunday,63
5,롯데월드 어드벤처 롯데월드 어드벤처는 서울에 위치한 인기 실내 테마파크입니다 스릴 넘치는 놀이기구 테마존 그리고 모든 연령대가 즐길 수 있는 엔터테인먼트 등 다양한 어트랙션을 갖추고 있습니다 특히 아틀란티스 어드벤처 롤러코스터와 상징적인 열기구가 유명합니다 또한 퍼레이드 라이브 쇼 그리고 계절별 이벤트가 개최되어 지역 주민과 관광객 모두에게 활기 넘치는 명소로 자리매김하고 있습니다,2024-09-26,0,214,Thursday,214
5,인도어 어드벤처는 끊임없이 변하는 서울의 날씨에서 벗어나는 환상적인 휴식처입니다 이 구역은 다양한 놀이기구 게임 엔터테인먼트 옵션으로 가득 찬 넓은 실내 놀이공원입니다 하이라이트는 스릴 넘치는 낙하와 회전을 제공하는 고속 롤러코스터인 아틀란티스 어드벤처입니다 좀 더 편안한 경험을 위해 곤돌라 라이드는 공원의 활기찬 주변 환경을 아름답고 여유롭게 볼 수 있는 전망을 제공합니다 어린 자녀를 둔 가족은 수많은 어린이 친화적인 어트랙션을 좋아할 것입니다,2024-08-05,0,251,Monday,251
5,굉장한 재밌는 곳 실내와 실외가 있는 거대한 공간으로 햇볕이 뜨거울 때나 비가 올 때 좋습니다 식당에서 음식을 사서 먹고 싶지 않다면 피크닉 구역에서 먹을 음식을 가져올 수 있습니다,2024-08-01,0,101,Thursday,101
5,gtahir 자카르타 인도네시아 118203 2008년 12월 24일 리뷰 꽤 괜찮은 곳이지만 너무 붐볐다 롯데월드는 세계에서 가장 큰 실내 테마파크로 알려져 있고 그럴 만한 이유가 있습니다 실내 단지에는 롤러코스터 워터라이드 어린이 놀이기구 다양한 레스토랑 아케이드 게임 모노레일 상점 거대한 아이스 스케이트장이 있습니다 저는 겨울에 갔기 때문에 단지 내부가 따뜻하고 좋았습니다 실내 단지는 매직 아일랜드라는 실외 단지와 연결되어 있으며 드롭 존과 같은 익스트림 라이드와 모험심이 강한 사람들을 위한 다른 라이드가 있습니다 모노레일은 두 단지를 연결할 수 있습니다 전체적인 아이디어는 훌륭했고 누구나 롯데월드에 가는 것을 좋아할 것입니다 하지만 저는 휴가철에 갔는데 사람이 너무 많았습니다 인기 있는 워터로그 라이드를 타려면 한 시간 이상 걸렸고 줄을 서는 동안 많은 한국 청소년들이 줄을 서거나 건너뛰어서 경험이 불편했습니다 이 단지는 디즈니랜드나 식스 플래그 같은 유명한 테마파크만큼 깨끗하지도 않았고 일부 벽에는 그래피티가 많았습니다 하지만 전반적으로 특히 아이들을 데리고 간다면 방문할 만한 곳입니다,2024-07-30,0,564,Tuesday,564
5,Lotte World 실내 어드벤처에서 보낸 시간은 설렘으로 가득했습니다 스릴 넘치는 놀이기구부터 몰입형 테마존까지 모든 순간이 모험이었습니다 활기찬 분위기 화려한 조명 매혹적인 공연은 기쁨과 웃음으로 가득 찬 잊을 수 없는 경험을 선사했습니다,2024-03-29,0,136,Friday,136
5,한국 롯데월드의 판타지 드림은 방문객을 기발한 상상과 마법의 세계로 안내하는 매혹적인 경험입니다 테마파크 내의 이 매혹적인 구역은 환상적인 명소 다채로운 풍경 매혹적인 공연을 특징으로 하는 꿈 같은 탈출구입니다 매력적인 동화 속 캐릭터부터 기발하게 디자인된 놀이기구까지 판타지 드림은 모든 연령대의 방문객을 사로잡는 마법 같은 분위기를 조성합니다 이 매혹적인 구역의 디자인에 대한 세부 사항에 대한 관심은 전체적인 경이로움을 더해 탐험하고 즐기기에 즐거운 장소가 됩니다 활기찬 거리를 산책하든 기발한 놀이기구를 타든 롯데월드의 판타지 드림은 매력적이고 몰입감 있는 경험을 제공하여 손님이 잠시 기쁨과 매혹으로 가득 찬 동화 속 세계로 들어갈 수 있게 합니다,2024-02-28,0,367,Wednesday,367
5,롯데월드서울 송파구 올림픽로 240 롯데월드 또는 롯데월드 어드벤처한국어 롯데월드 어드벤처는 대한민국 서울에 있는 주요 레크리에이션 단지입니다 대규모 실내 테마파크4 매직 아일랜드라는 야외 놀이공원 모노레일로 연결된 호수 위의 인공 섬 쇼핑몰 고급 호텔 전망대 한국 민속 박물관 스포츠 시설 영화관으로 구성되어 있습니다 1989년 7월에 개장한 롯데월드는 매년 약 730만 명의 방문객을 맞이합니다,2024-02-26,0,223,Monday,222
5,아름다운 곳입니다 테마파크는 잘 관리되고 시설은 재밌습니다 저희 가족은 그곳에서 즐거운 시간을 보내고 있습니다 강력 추천합니다,2024-02-25,0,70,Sunday,70
5,정말 재밌는 실내 놀이공원이에요 여러 층에 모든 사람을 위한 놀이기구가 있어요 줄이 긴 편이지만 놀이기구는 기다릴 만한 가치가 있어요 음식도 다양해요 놀이공원 주변의 귀여운 장식도 좋아요 가족 친화적인 곳이죠 모든 연령대의 사람들에게 롯데월드를 추천합니다,2024-02-23,0,142,Friday,142
5,밤이 끝날 무렵 퍼레이드를 구경하세요 놀이기구는 재밌고 대기 시간도 그렇게 길지 않습니다 안팎으로 놀이기구가 있고 식사할 곳도 있습니다 채식주의자에게는 좋은 선택이 아닙니다 모두가 떠나면서 약간 혼잡해집니다 한국은 아름답습니다,2024-02-21,0,126,Wednesday,126
5,장소는 크고 넓습니다 즐길 수 있는 다양한 놀이기구가 있습니다 아이들을 데려가는 경우 어떤 놀이기구가 아이들에게 적합한지 지도에서 확인하는 것이 좋습니다 지도는 포괄적이고 자세합니다 실내와 실외 명소가 있습니다 여러 레스토랑이나 카페와 기념품 가게도 있습니다 저는 공휴일에 갔기 때문에 거의 모든 놀이기구에 긴 줄이 서 있었습니다,2024-02-20,0,184,Tuesday,184
5,오늘의 장난을 계속합니다 서울에 있을 때 아이들과 함께 가보실 것을 강력히 추천하는 놀라운 실내 및 실외 놀이공원인 롯데월드로 향했습니다 줄은 엄청나지만 그게 모험의 일부일 뿐이에요 기다려요,2024-02-18,0,107,Sunday,106
5,서울에 위치한 롯데월드 어드벤처는 놀이공원의 스릴과 풍부한 문화가 어우러진 매혹적인 곳입니다 실내외 구역에서 스릴 넘치는 놀이기구부터 문화 전시까지 다채로운 어트랙션을 즐길 수 있습니다 건축학적 경이로움을 자랑하는 매직 캐슬은 마법의 상징으로 손꼽힙니다 청결에 대한 세심한 배려 친절한 직원 그리고 다양한 엔터테인먼트 옵션을 갖춘 롯데월드 어드벤처는 모든 연령대의 방문객을 만족시킵니다 문화 퍼레이드와 공연은 특별한 경험을 선사합니다,2024-02-01,0,242,Thursday,242
3,롯데월드는 인파와 긴 놀이기구 대기 시간 때문에 꽤 힘들 수 있습니다 놀이공원 자체에도 멋진 어트랙션이 많지만 방문객이 너무 많아서 놀이기구를 제대로 즐기는 시간보다 줄을 서서 기다리는 시간이 더 길어지는 경우가 많습니다 좀 더 여유롭게 즐기고 싶다면 인파를 피해 한산한 시간대에 방문해 보세요 하루를 더욱 알차게 보낼 수 있습니다,2024-08-17,0,185,Saturday,185
4,서울 중심부에 있는 매우 귀여운 놀이공원  대부분 놀이기구는 최소 2명만 이용할 수 있으므로 그룹으로 방문하는 것이 좋습니다,2025-02-05,0,69,Wednesday,69
4,서울의 롯데월드 어드벤처는 스릴 넘치는 놀이기구 매혹적인 어트랙션 몰입형 경험이 어우러진 최고의 놀이공원입니다 고속 롤러코스터부터 마법의 퍼레이드까지 다양한 엔터테인먼트 옵션으로 모든 연령대를 만족시킵니다 이 공원의 독특한 실내 및 실외 구역은 어떤 날씨에도 즐거움을 보장하며 활기찬 분위기와 가족 친화적 환경은 잊지 못할 모험을 위한 필수 방문지입니다,2024-08-02,0,197,Friday,197
3,롯데월드 어드벤처는 실내와 실외 두 구역으로 나뉩니다 추운 날씨와 흐린 하늘이 괜찮다면 실외에서 즐기는 것이 좋습니다 실내는 젊은이들로 북적이고 놀이기구와 상점들이 많으며 창의적인 음식을 파는 가게들도 있습니다 맛있지만 가격이 비싼 편입니다 제 생각에는 특별한 것은 없지만 가족 휴가를 보내기에 시간을 보내기에 좋습니다 대중교통기차으로 쉽게 접근 가능합니다,2024-03-02,0,199,Saturday,199
3,말레이시아에서 온라인으로 티켓을 구매하시면 가격이 저렴합니다 평일에도 사람이 많아서 어떤 게임이든 줄을 서야 합니다 저희는 어린이용 게임만 플레이하고 있습니다 다른 게임들은 줄이 길어서 플레이할 기회가 없습니다,2024-02-23,0,117,Friday,117
4,롯데월드 서울은 엔터테인먼트와 겨울의 즐거움이 완벽하게 어우러진 매력적인 아이스 스케이팅 경험을 선사합니다 반짝이는 조명과 축제 분위기로 장식된 매혹적인 링크는 초보자와 숙련된 스케이터 모두에게 적합합니다 잘 관리된 빙판은 매끄러운 활주 경험을 제공하며 친절한 직원들이 항상 대기하고 있습니다 롯데월드 내에 위치한 이 링크는 독특한 배경을 자랑하며 모든 방문객에게 마법 같은 분위기를 선사합니다 건전한 활동을 원하는 가족이나 로맨틱한 나들이를 원하는 커플 모두에게 롯데월드 아이스 스케이팅 링크는 잊지 못할 경험을 선사합니다 입장료는 다소 높지만 전체적인 분위기와 시설은 놀이와 전통적인 아이스 스케이팅의 매력을 모두 갖춘 겨울 명소로 손꼽힙니다,2024-02-07,0,361,Wednesday,361
5,크리스마스 전에 방문하는 걸 추천해요 저녁에 성을 밝히는 아름다운 크리스마스 테마 조명이 정말 아름다워요  하지만 복어는 꼭 챙겨 가세요 사진 찍으려고 한 시간이나 기다렸어요 전반적으로 야외 놀이기구는 정말 좋았고 특히 자이로 드롭은 10010이에요 놀이기구 안에 귀여운 츄러스도 팔고 있는데 정말 맛있어요 꼭 드셔보세요 공원에는 독특하고 맛있는 간식들이 많으니 메인 요리 하나만 먹기보다는 여러 간식을 먹어보는 걸 추천해요,2023-12-08,0,238,Friday,237
5,공원 곳곳에 정교한 디테일이 담긴 놀라운 놀이공원은 마치 마법의 땅으로 당신을 데려갈 것입니다 모든 종류의 놀이기구 정기적인 공연 맛있는 음식점 그리고 구매할 수 있는 귀여운 선물이 가득합니다 무엇보다도 가장 좋은 점은 가격이 모두 합리적이고 저렴하다는 것입니다,2023-10-02,0,146,Monday,146
5,전반적으로 놀이기구와 실내외 분위기가 모두 좋았고 가격 대비 만족스러웠습니다 다만 로봇 커피 자판기는 영어가 안 됩니다 언어 문제가 있는 곳이 많아서 한참을 서 있어야 하지만 그래도 재밌습니다 추운 날씨에 자고 나면 뭐든 즐겁게 놀 수 있을 것 같습니다 놀이기구는 넓고 층수도 많고 존도 많습니다 평일에 가서 조금 늦게 갔기 때문에 최대한 즐기려면 아침 일찍 가야 합니다 그렇지 않으면 각 장소에서 줄을 서서 아주 오래 기다려야 합니다 그래서 몇 가지만 할 수 있었습니다 쇼도 있었고 퍼레이드도 있었고 잠시 앉아서 구경만 하다가 하루가 끝났습니다 아쉬웠습니다 아침 일찍 가는 걸 추천합니다 가장 가치 있는 시간이죠,2023-11-19,0,343,Sunday,343
5,저희는 주로 실내와 실외 놀이기구가 모두 있다는 사실 때문에 롯데월드를 선택했습니다 가족 친화적인 놀이기구와 스릴 넘치는 놀이기구가 적절히 섞여 있어 모든 연령대에 적합합니다 한 가지 주의해야 할 점은 티켓 외에 돈을 내야 하는 특정 어트랙션이 있다는 것입니다 티켓은 한 번만 입장할 수 있으므로 재입장이 불가능합니다 전자 티켓을 실물 티켓으로 변경해야 하는 것 같은데 제가 틀렸을 수도 있습니다 만약 변경해야 한다면 다른 카운터에서 변경해야 한다는 점을 명심하세요,2025-05-19,0,260,Monday,260
5,어른과 아이 모두에게 완벽한 놀이공원입니다 다양한 명소가 놀랍습니다 저는 친구와 함께 갔고 원하는 모든 곳을 방문할 수 있었습니다 예상했던 만큼 줄이 길지 않았습니다 풍경과 장식이 대단합니다 서울에 있는 동안 꼭 방문해야 할 곳입니다,2025-01-21,0,130,Tuesday,130
5,공원에서 정말 멋진 하루를 보냈습니다 놀이기구는 대부분 한 시간씩 줄을 서야 해서 모든 놀이기구를 다 탈 수는 없었어요 민속 박물관은 꼭 가봐야 할 곳이에요 한국의 역사와 다양한 미니어처 세트를 볼 수 있었어요 공원에는 다양한 음식이 있었고 가격도 나쁘지 않았어요 다시 방문하고 싶어요,2024-06-08,0,159,Saturday,159
5,정말 재밌었어요 어트랙션과 놀이기구도 많았어요 모든 놀이기구를 다 타보지는 못했지만 공원이 문을 닫을 때까지 정말 즐겁게 놀았어요 아이들과 함께하는 가족에게 강력 추천합니다,2024-06-05,0,96,Wednesday,96
5,예상치 못한 즐거운 하루였습니다 일찍 갔으면 좋았을 텐데 더 많은 놀이기구를 탈 수 있었을 텐데요 야외 놀이기구가 있다는 걸 몰랐어요  이곳을 꼭 방문해보시기를 추천하고 놀이기구를 타려면 아침에 가세요 raracost에서 저녁을 먹었어요 음식과 음료가 맛있었어요,2024-05-06,0,147,Monday,146
5,정말 재밌는 실내 놀이공원이에요 여러 층에 걸쳐 다양한 놀이기구가 있어요 줄은 좀 긴 편이지만 기다릴 만한 가치가 충분히 있어요 먹을 것도 다양하고요 놀이공원 주변의 아기자기한 장식도 정말 마음에 들어요 가족끼리 오기 좋은 곳이에요 모든 연령대의 분들께 롯데월드를 추천합니다,2023-11-04,0,153,Saturday,153
5,가족 친구들과 함께 가기 좋은 곳이에요 잠실역과 가까워요 하루 종일 놀기에도 좋고 꼭 가볼 만한 곳이에요,2024-06-21,0,58,Friday,58
4,롯데월드 어드벤처 티켓을 온라인으로 구매했습니다 카운터에서 사는 것보다 저렴하고 카운터에서 줄을 서는 것보다 빠릅니다 한국 공휴일이라 롯데월드에 사람이 많았습니다 모든 놀이기구를 기다리는 시간이 길었습니다 티켓에 포함된 아쿠아리움과 민속 박물관도 방문했습니다,2025-05-12,0,144,Monday,144
4,롯데 테마파크 강력 추천합니다 실내외 놀이기구가 많고 1인 탑승 구역이라 대기 시간도 짧습니다 티켓에는 한국 민속 박물관 관람이 포함되어 있습니다 흥미로운 경험이었고 미니어처 마을로 가득한 방이 마음에 들었습니다 아쉽게도 아쿠아리움에는 시간 내에 가지 못했습니다 아쿠아리움이 있는 쇼핑몰이 워낙 커서 걸어가려면 꽤 멀었습니다 모든 것을 제대로 체험할 시간이 부족하기 때문에 아쿠아리움은 추천하지 않습니다,2024-03-16,0,225,Saturday,225
5,롯데월드몰 넥스트 뮤지엄 앤디 리멘터 전시 갔었습니다 넘 멋딘 작품과 작가님의 라이브 드로잉 등 멋진 기획이었습니다,2023-08-22,0,64,Tuesday,64
4,아내와 저는 롯데 어드벤처에서 즐거운 하루를 보냈습니다 트립닷컴에서 예약하면 아주 편리했습니다 방금 롯데 지정 카운터에 도착해서 티켓을 받을 수 있었습니다 잠실역에서 지하철을 이용하시는 게 가장 좋습니다 매직 패스를 구매하지 않으면 줄을 좀 서야 합니다 민속 박물관과 롯데 아쿠아리움도 방문했는데 정말 좋았습니다,2025-05-12,0,174,Monday,174
4,가격은 제 생각엔 아울렛보다 확실히 저렴하지만 그럼에도 불구하고 놀이기구를 기다리는 데 시간이 오래 걸리고 많은 한국인들이 거기에 있었습니다 그들이 휴가철인지는 잘 모르겠습니다,2025-03-19,0,98,Wednesday,98
4,괜찮지만 대기 시간이 길지만 패키지에 다양한 엔터테인먼트가 있고 음식은 너무 비싸지 않습니다 추가 지불이 필요한 놀이기구가 몇 가지 있습니다,2024-12-27,0,78,Friday,78
5,모든 연령대의 어린이와 모든 수준의 스릴을 위한 물건 롤러코스터부터 인터랙티브 게임까지 모든 사람을 위한 무언가가 있었습니다,2024-09-04,0,69,Wednesday,69
4,저는 이 티켓을 RM115에 구매했는데 클룩보다 훨씬 저렴합니다 다행히 트립닷컴에서 가격을 확인해보니 트립을 통해 더 저렴한 가격을 받을 줄은 몰랐습니다 저는 4월 13일 토요일에 롯데월드에 갔는데 사람이 많았지만 줄은 견딜 만했습니다 오전 10시부터 오후 7시까지 10개의 놀이기구를 탈 수 있었습니다 이번이 두 번째 롯데월드 방문입니다 그 전에는 겨울에 방문했는데 그때는 대부분의 야외 놀이기구가 문을 닫았습니다 하지만 이번에는 정말 만족스러웠습니다,2024-04-23,0,253,Tuesday,253
4,그곳에서 즐거운 하루를 보냈습니다 공원의 두 구역은 서로 다르고 모든 연령대가 즐길 수 있는 어트랙션이 있습니다 내부는 어린이와 어린아이들을 위한 공간이고 외부는 주로 스릴 넘치는 놀이기구로 구성되어 있습니다 또한 내부에서는 캐릭터들이 함께하는 퍼레이드도 있고 밤에는 성에 조명이 켜집니다 그곳에서 즐거운 하루를 보냈습니다,2023-11-11,0,180,Saturday,180
5,롯데월드 또는 롯데월드 어드벤처는 서울의 주요 레크리에이션 단지입니다 대규모 실내 테마파크 매직 아일랜드라는 야외 놀이공원 쇼핑몰로 연결된 호수 위의 인공 섬 모노레일 고급 호텔 전망대 한국 민속 박물관 스포츠 시설 영화관으로 구성되어 있습니다,2023-10-28,0,136,Saturday,136
4,저는 이곳이 정말 좋아요 볼거리도 많고 재밌는 곳도 많아요 다른 사람들 심지어 제 친구들에게도 꼭 추천하고 싶어요,2024-05-16,0,63,Thursday,63
5,아이스링크 및 민속박물관 그리고 놀이기구까지아주 꽉찬 알베기 하루였습니다태풍오는 날임에도 실내에서 뽀송히 놀았습니다ㅎㅎ,2023-08-15,0,66,Tuesday,66
5,내 K 드라마 판타지를 살아야 해 재밌는 곳이었다 교복도 빌리기 좋았어,2025-03-27,0,39,Thursday,39
3,친구들과 함께 롯데월드 어드벤처를 방문했는데 엇갈린 감정을 느꼈습니다 분위기는 즐겁고 활기찼고 첫눈에 보기에도 확실히 인상적이었습니다 안타깝게도 놀이기구는 한 번도 타보지 못했습니다 줄이 믿을 수 없을 정도로 길었고 야외 구역은 비 때문에 폐쇄되어 있었습니다 실내는 너무 붐비고 시끄러워서 제대로 즐기기가 힘들 정도였습니다 사실 저희 방문의 하이라이트는 민속 박물관이었습니다 조용하고 거의 비어 있었지만 놀라울 정도로 흥미로웠습니다 메인 파크의 혼잡함에서 벗어나 잠시 쉬어갈 수 있는 좋은 곳이었습니다 가실 계획이라면 긴 대기 시간과 많은 인파를 각오해야 합니다 아니면 평일에 방문해서 사람이 덜 붐비는 것을 추천합니다,2025-05-21,0,346,Wednesday,346
5,정말 놀랍고 스릴 넘치는 경험이었습니다 극도의 아드레날린 러시를 경험하고 싶어 하는 사람이라면 꼭 방문해야 할 곳입니다 전문가 팁은 주중에 방문하면 대부분의 놀이기구를 즐길 수 있다는 것입니다,2024-12-16,0,107,Monday,107
5,여행 패키지는 정말 가성비가 좋았어요 티켓을 교환할 때 입구에서 여자애가 아쿠아리움이 아니라 스카이 타워라고 말했고 2200에 문을 닫는다고 했어요 그래서 아쿠아리움은 없다고 생각하고 스카이 타워로 갔는데 거기서는 우리를 들여보내지 않고 아쿠아리움 티켓이라고 말했어요 좀 짜증나고 피곤했어요 아쿠아리움에 갔을 때는 문이 닫혀 있었거든요 그러니 오해의 소지가 있는 조언은 듣지 마세요 박물관은 정말 흥미로웠지만 아쿠아리움으로 바로 갔으면 좋았을 텐데요,2024-10-03,0,251,Thursday,251
5,롯데월드는 정말 재밌는 곳이에요 너무 크지 않아서 하루 만에 다 볼 수 있어요 하지만 할 게 많아서 꼭 다시 가고 싶어요 놀이기구는 모든 연령대가 즐길 수 있어요 간식은 저렴하고 맛있어요,2024-07-17,0,104,Wednesday,104
5,정말 잘 샀어요 롯데월드 어드벤처 티켓 두 장을 50 할인된 가격에 샀어요 처음에는 이 티켓이 얼마나 진짜인지 몰랐는데 놀이공원에 들어가고 나니 마음이 놓였어요 모두에게 강력 추천합니다,2024-04-20,0,103,Saturday,103
3,평일에 방문했는데 여전히 너무 붐볐어요 몇 개의 놀이기구만 탈 수 있었지만 티켓 가격을 생각하면 괜찮았어요 놀이기구에 정말 관심이 있고 그럴 수 있다면 매직 패스를 구매하는 걸 추천합니다 인기 있는 놀이기구는 줄이 몇 시간씩 길어지거든요 치즈빵이 맛있으니 꼭 드셔보세요 뜨거울 때 먹으면 치즈 풀을 맛볼 수 있어요,2023-12-20,0,175,Wednesday,175
4,할 거리가 많고 재밌어요 다만 앱의 QR 코드를 카운터에서 티켓으로 교환해야 해요 사실 QR 코드로 바로 입장할 수 있으면 더 편리할 것 같아요,2023-11-20,0,80,Monday,80
5,사촌 데리고 갔다 왔었는데 힘들었지만 사촌 동생이 엄청 좋아해서 뿌듯했네요,2023-12-14,0,41,Thursday,41
5,정말 재밌는 경험이었고 돈 한 푼 한 푼 다 가치 있었어요 ㅎㅎㅎ,2025-04-21,0,36,Monday,36
5,롯데월드에서 정말 즐거운 시간을 보냈어요 평일에 가는 게 좋을 것 같아요 대부분의 놀이기구를 타고 싶으시다면 패스트 패스를 구매하는 걸 추천해요 저희에게는 정말 유용했어요,2023-06-26,0,95,Monday,95
5,입장권으로 쉽게 교환 가능 어린이와 어른 모두에게 즐거운 테마파크입니다,2024-06-10,0,39,Monday,39
5,특히 가족과 함께 여행하는 것은 정말 즐거웠습니다,2024-05-01,0,27,Wednesday,27
4,매직 패스 3장으로 티켓을 구매하는 걸 추천합니다 카운터에서 받는 매직 패스는 정말 빨리 매진되거든요 유명 놀이기구는 대기 시간이 엄청 길기 때문에 야외에서 익스트림한 놀이기구를 즐기고 싶다면 매직 패스가 필수입니다 전반적으로 정말 좋은 경험이었어요 벚꽃이 만발하고 정말 아름다우니 봄에 가시는 걸 추천합니다,2025-04-11,0,172,Friday,172
4,테마파크를 좋아하는 사람으로서 가격이 좀 비싼 것 같지만 인기 있는 놀이기구를 탈 때는 매직패스를 한 번만 사용할 수 있고 그 후에는 다른 놀이기구를 탈 때는 긴 줄을 서야 하는 일반 티켓이 됩니다 비용을 지불하는 것을 마다하지 않는 사람이라면 테마파크에서 판매하는 매직패스 5 7과 함께 티켓을 사는 게 더 좋습니다인기 있는 놀이기구가 3개 이상 있어서 온라인 티켓으로는 부족하거든요 하하,2024-11-14,0,218,Thursday,218
5,정말 놀라운 경험을 놓치고 싶지 않으실 거예요 이곳은 기쁨과 행복으로 가득 차 있어요 서울 어디에 묵으시든 쉽게 접근 가능한 도심에 위치해 있어요 익스트림 롤러코스터와 번지점프 등 다양한 어트랙션과 놀이기구를 갖추고 있어 아이들과 가족 모두 즐기기에 좋습니다 가끔 줄을 서서 기다려야 했지만 분명 그럴 만한 가치가 있어요 친절한 직원들에게 진심으로 감사드립니다,2024-08-09,0,201,Friday,201
2,우리는 3월 말에 갔는데 지역 주민과 관광객으로 너무 붐볐어요 좀 더 신나는 놀이기구를 탈 때마다 긴 줄이 서 있어요 우리는 하루 종일 비웠지만 줄 때문에 아이들이 몹시 낙담했고 일찍 떠나 다른 곳으로 가야 했어요,2024-08-05,0,119,Monday,119
5,2023년 10월 30일 월요일에 교복을 입고 갔어요 티켓을 미리 예약해서 아주 순조롭게 진행되었어요 정말 멋진 경험이었어요  외국인들을 위해 힘써주신 tripcom에 감사드립니다,2024-05-16,0,100,Thursday,100
5,롯데월드 어드벤처에 들어서는 순간 짜릿한 스릴의 세계로 휩싸였습니다 심장이 쿵쾅거리는 아틀란티스 롤러코스터부터 자이로 드롭 꼭대기의 숨 막히는 절경까지 매 순간이 모험입니다 프랑스 혁명 시대의 루프는 짜릿함을 선사하고 로스트 밸리의 공룡들은 저를 과거로 데려다줍니다 아이스링크를 활강하고 매직 캐슬의 퍼레이드에 감탄하며 잊지 못할 즐거운 하루였습니다,2024-03-31,0,195,Sunday,195
5,롯데월드 어드벤처는 서울에서 가장 인기 있는 실내 테마파크입니다 스릴 넘치는 놀이기구 엔터테인먼트 쇼 박물관이 가득합니다 정말 즐거운 경험을 선사합니다,2024-02-06,0,86,Tuesday,84
5,정말 놀랍고 멋진 투어였습니다,2024-10-04,0,16,Friday,16
5,가족이 방문하기 좋은 곳,2024-05-17,0,13,Friday,13
5,롯데월드 정말 좋았어요 더 일찍 갔으면 좋았을 텐데요 수요일 오후라 많은 놀이기구 줄이 한 시간 정도였어요 저희는 문 닫을 때까지 기다렸는데 그때는 대기가 없었어요 저희는 아쿠아리움 콤보 상품으로 예약했어요 아쿠아리움은 정말 아름다웠어요 하지만 롯데월드에서 꽤 멀리 떨어져 있었어요도보로 약 10분 그래도 롯데월드에서 한 번 나가서 아쿠아리움에 갈 수 있고 아쿠아리움에서 음식을 먹으러 밖으로 나갈 수 있어요 콤보 티켓에 추가로 3달러를 낸 만큼의 가치가 충분히 있어요,2025-05-23,0,262,Friday,262
3,기대했던 것보다는 그다지 흥미롭지 않았어요 숙소가 좀 부족했어요 하지만 이 패키지는 확실히 가성비가 좋았어요 다만 두 숙소가 서로 좀 떨어져 있으니 여행 계획을 세우는 게 좋을 것 같아요,2025-03-19,0,104,Wednesday,104
5,서울에서 꼭 가봐야 할 곳 롯데월드 신나는 놀이기구 환상적인 분위기 그리고 다양한 먹거리까지 남녀노소 누구나 즐길 수 있는 곳이에요 다만 붐비는 시간을 피하려면 평일에 방문하는 것이 좋습니다,2025-03-04,0,106,Tuesday,106
5,롯데월드타워는 처음 가봤어요 정말 재밌었어요 벌써 저녁 8시가 넘었고 너무 피곤했는데도 스카이타워에 갈 수 있어서 다행이었어요 야경은 정말 멋졌어요,2025-02-27,0,82,Thursday,82
1,우리는 2살짜리 아이에게 큰 기대를 걸었지만 한국의 대부분 지역과 마찬가지로 실망했습니다 오해하지 마세요 잘 만들어졌지만 놀이기구를 탈 때마다 1시간 이상 기다려야 하고 키가 큰 성인들로 가득 차 있어서 유아 놀이기구를 타려고 줄을 선 성인들을 보면 상당히 불쾌합니다 그녀는 대부분 울었는데 본 것에 탈 수 없었기 때문입니다 또한 안에서 아기 티켓을 지불할 준비를 하세요 말도 안 됩니다 우리가 가본 테마파크 중 최악이에요,2024-11-26,0,236,Tuesday,236
5,정말 멋진 곳이에요 ㅋㅋㅋㅋㅋㅋㅋㅋㅋㅋㅋㅋㅋㅋㅋㅋㅋㅋㅋㅋㅋㅋㅋㅋㅋㅋㅋㅋㅋㅋㅋㅋㅋㅋㅋㅋㅋㅋㅋㅋㅋㅋㅋㅋㅋㅋㅋㅋㅋㅋㅋㅋㅋㅋㅋㅋㅋㅋㅋㅋㅋㅋㅋ,2024-11-26,0,74,Tuesday,74
5,종이 티켓은 QR 코드로 간편하게 결제할 수 있어요 놀이기구는 티켓에 모두 포함되어 있어요 제 생각에는 가격에 비해 공원이 너무 좁고 사람이 많아서 익스프레스 매직 패스가 없으면 놀이기구를 탈 시간이 거의 없어요 평일에 가도 사람이 많아요 그래도 분위기는 좋고 아쿠아리움은 생각보다 일찍 닫으니 일찍 가는 걸 추천해요 전반적으로 재밌었어요,2024-11-15,0,189,Friday,189
5,롯데월드는 어르신들이 방문하기 좋은 곳으로 짜릿함과 편안함을 동시에 선사합니다 아름다운 실내외 공간을 자랑하는 이 공원은 모든 연령대의 방문객에게 적합하며 특히 어르신들은 더욱 만족하실 것입니다,2024-11-08,0,108,Friday,108
5,다양하고 좋다 좋다 아주 좋다,2024-04-02,0,16,Tuesday,16
4,실제 티켓은 카운터에서 교환해야 합니다 다행히 티켓을 기다리는 사람이 많지 않았습니다 저희가 롯데월드에 갔을 때는 특히 학생들이 많았습니다 게임당 대기 시간은 1시간 30분에서 2시간 정도였고 인기 게임은 최대 3시간까지 걸렸습니다 방학 중에는 추천하지 않습니다,2023-12-25,0,146,Monday,146
4,두 명 이상의 어린이를 동반한다면 이곳이 적합할 것입니다 그렇지 않다면 에버랜드를 고려해 보세요 하지만 여기는 실내 공원이고 다른 하나는 야외 공원입니다 아이들과 함께라면 정말 즐거운 시간을 보낼 수 있습니다 제 추천은 이겁니다 그 외에는 티켓 교환이 쉽습니다 바코드만 보여주면 실물 티켓을 줍니다,2023-11-13,0,166,Monday,166
5,아기와 가족에게 좋은 곳이에요 쇼핑몰과 백화점 안에 있어서 다른 테마파크에서는 대부분 패스트푸드만 먹을 수 있는데 비해 아주 맛있는 음식을 즐길 수 있어요 놀이터도 멋지고 우리 아기가 너무 좋아해요,2023-10-12,0,110,Thursday,110
4,한국을 방문하면 꼭 방문해야 할 곳 실내 테마파크와 야외 테마파크로 구분할 수 있는 다양한 어트랙션이 있습니다,2023-10-05,0,61,Thursday,61
5,친구랑 롯데월드 어드벤처에 갔어요 정말 좋은 경험이었어요 롤러코스터랑 다른 어트랙션도 타보고 너무 신났어요 재밌게 놀아주셔서 감사해요 다시 롯데월드 가고 싶어요,2023-09-02,0,89,Saturday,89
5,꽤 재밌는 위치 매우 컴팩트합니다 하지만 줄이 꽤 길어질 수 있습니다 돈에 대한 가치가 괜찮습니다,2025-03-08,0,54,Saturday,54
5,매직패스 이용하여 너무 잘다녀왔어요,2024-06-14,0,19,Friday,19
5,오 제가 가본 테마파크 중에 여기가 제일 예쁘네요,2023-10-04,0,28,Wednesday,27
4,기다리지 않기위해 매직패스를 끊어야빠르게 입장하고 즐길수 있습니다,2024-12-28,0,36,Saturday,36
3,휴일에 갔는데 사람이 너무 많아서 아무것도 즐길 수가 없었어요 줄도 엄청 길었어요 비싸더라도 패스트패스를 사는 게 낫겠지만 정말 즐기고 싶다면 사는 게 나을 거예요 수족관은 괜찮았지만 사람이 너무 많았어요,2023-10-06,0,114,Friday,114
5,1010 경험해 볼 만한 가치가 있어요 어린 시절의 꿈을 되살려 보세요,2023-10-25,0,40,Wednesday,39
3,전반적으로 나쁘지는 않지만 줄이 너무 길어서 롯데 매직패스를 구매하는 걸 추천합니다,2023-11-11,0,46,Saturday,46
3,주말에는 꽤 붐빕니다 유명한 명소는 줄을 서야 합니다 실내와 실외가 있습니다,2023-09-29,0,42,Friday,42
5,어린이와 노인 모두가 즐길 수 있는 실내 실외 놀이기구가 모두 있어서 좋았어요,2023-12-03,0,43,Sunday,43
5,멋진 실내 놀이공원이에요 디테일이 디즈니 못지않아요 겨울에 딱이에요,2023-08-11,0,37,Friday,37
5,붐볐지만 정말 재밌었어요 야외 경기는 닫혀 있었거든요 비가 올 줄은 몰랐는데 야외 경기는 닫혀 있었거든요 가기 전에 날씨 꼭 확인하세요,2025-07-16,0,75,Wednesday,75
4,125cm에서 160cm 사이 즉 712세 정도 되는 아이들은 탈 수 있는 놀이기구가 많지 않습니다 연령대에 따라 놀이기구가 더 강렬했으면 좋겠습니다 5세 이하 또는 14세 이상 자녀가 있다면 좋을 것 같습니다,2025-06-25,0,117,Wednesday,117
5,둘 다 40살이 넘었으니 이곳은 우리에게 그다지 적합하지는 않지만 어쨌든 놀이기구와 퍼레이드가 있어서 정말 좋았어요 십 대들이라면 정말 좋아했을 거예요,2025-06-22,0,84,Sunday,84
5,롯데월드는 처음 방문했는데 퍼레이드가 특히 좋았어요 포켓몬 열기구는 정말 오래 기다렸지만 그만큼 가치가 있었어요,2025-06-14,0,62,Saturday,62
5,일요일에 갔는데도 우리 가족은 롯데월드 여행을 정말 즐겼습니다 거의 모든 놀이기구의 대기 시간이 60분 이상이었고 매직 패스 덕분에 시간을 정말 많이 절약할 수 있었습니다,2025-06-01,0,95,Sunday,95
5,가족과 함께 이곳을 방문했습니다 어렸을 때 여기서 많이 놀았기 때문에 이곳이 정말 좋았습니다 아이와 함께 다시 와서 아내와 함께 특별한 추억을 나누는 건 정말 특별한 경험이었습니다 이 실내 테마파크를 강력 추천합니다 감사합니다,2025-04-19,0,126,Saturday,126
5,그만한 가치가 있고 늦은 밤까지 머물며 여러 라운드를 플레이할 수 있고 사용하기 쉽습니다,2025-04-10,0,49,Thursday,49
5,정말 재밌고 가성비도 좋아요 78시간 정도 여기서 보냈는데 아직 탈 만한 놀이기구가 남아 있었어요,2025-04-08,0,55,Tuesday,54
5,Tripcom 감사합니다 Tripcom을 통해 예약했는데 절차가 간단했습니다 다만 비가 오고 있었습니다 실내 놀이 공간은 훌륭했지만 야외 공간은 비 때문에 닫혀 있었습니다 롯데월드 어드벤처 여행을 계획하기 전에 날씨를 꼭 확인하세요 실내 공간도 즐거웠습니다,2025-03-17,0,143,Monday,143
5,롯데월드 어드벤처 서울은 처음부터 끝까지 순수한 즐거움으로 가득합니다 스릴 넘치는 놀이기구 가족 친화적인 어트랙션 그리고 활기 넘치는 엔터테인먼트까지 누구나 즐길 거리가 가득합니다 파크 곳곳에는 맛있는 음식을 판매하는 노점들이 가득하여 하루 종일 활력을 유지할 수 있습니다 실내외를 막론하고 활기찬 분위기와 잘 관리된 시설은 환상적인 경험을 선사합니다,2025-02-04,0,196,Tuesday,196
4,온라인과 현장에서 더 많은 정보를 제공하여 사용자가 티켓을 더 쉽게 수령할 수 있도록 하면 좋을 것 같습니다 입장 후에는 일부 놀이기구는 추가 요금이 부과된다는 점을 알아두는 것이 좋습니다 스누피 테마 크리스마스가 있어서 정말 좋았습니다,2025-01-10,0,132,Friday,132
5,아이들은 그곳에서 정말 즐거운 시간을 보냈어요 Tripcom에 매직 패스 옵션이 있었으면 좋았을 텐데 저는 롯데월드에 도착하고 나서야 매직 패스에 대해 알게 되었어요 민속 박물관은 방문할 시간이 없었어요 줄을 서지 않으려면 일찍 가세요,2024-12-19,0,131,Thursday,131
5,트립닷컴을 통해 롯데월드 티켓을 쉽고 간편하게 구매하세요 카운터에서 티켓을 교환하시면 됩니다,2024-12-03,0,51,Tuesday,51
5,이곳은 정말 좋은 놀이기구가 있는 훌륭한 장소입니다 음식과 음료는 다른 나라의 관광 명소에 비해 그렇게 비싸지 않습니다 방문할 가치가 충분합니다,2024-10-10,0,80,Thursday,80
5,롯데월드 입구 앞에서 할인 티켓을 구매했어요 정말 간편하고 바로 사용할 수 있었어요 Tripcom에서 가격이 훨씬 저렴해서 정말 좋았어요,2024-09-10,0,76,Tuesday,76
5,서울에 위치한 롯데월드 어드벤처는 실내와 실외 어트랙션이 어우러진 활기찬 테마파크입니다 실내 공간인 롯데월드몰에는 모든 연령대가 즐길 수 있는 다양한 놀이기구와 엔터테인먼트 시설이 마련되어 있으며 실외 매직 아일랜드에는 스릴 넘치는 롤러코스터와 신나는 어트랙션이 있습니다 롯데월드 어드벤처는 잘 정비되어 있고 깨끗하며 다양한 식사와 쇼핑을 즐길 수 있습니다 특히 주말과 공휴일에는 혼잡할 수 있지만 전반적으로 즐거운 경험을 선사합니다 전반적으로 롯데월드 어드벤처는 가족 단위 여행객과 스릴을 즐기는 여행객 모두에게 재미있고 다채로운 경험을 제공합니다,2024-08-26,0,307,Monday,307
5,모든 연령대에 적합합니다 공원이 크지 않아서 쉽게 둘러볼 수 있습니다 어린아이부터 어른까지 모두 즐길 수 있는 놀이기구도 있습니다 퍼레이드도 훌륭해서 시간을 내서 꼭 관람해 보세요,2024-08-21,0,100,Wednesday,100
5,환전도 쉽고 바로 이용할 수 있었어요 롯데월드에는 저희 가족의 필요에 맞는 다양한 놀이기구와 어트랙션이 있어요 tripcom의 가격도 경쟁력이 있어요 추천합니다,2024-08-19,0,89,Monday,89
5,정말 멋진 공원이에요 다만 롤러코스터가 너무 많거나 빠르다는 기대는 하지 마세요 다른 것보다는 미적인 부분에 좀 더 중점을 두고 있어요 하지만 남녀노소 누구나 즐길 수 있는 곳이에요 특히 날씨에 얽매이지 않아서 더욱 그렇죠,2024-08-15,0,124,Thursday,124
5,서울에 위치한 롯데월드 어드벤처는 스릴 넘치는 놀이기구 멋진 실내 아이스링크 매력적인 민속 박물관 등 다양한 어트랙션을 갖춘 대규모 실내외 테마파크입니다 모든 연령대가 즐길 수 있는 재미있는 쇼와 생동감 넘치는 퍼레이드는 방문의 즐거움을 더합니다,2024-08-05,0,137,Monday,137
5,오 정말 좋은 곳이네요 정말 좋아요 마치 섬처럼 보이네요 세상에서 가장 환상적인 곳이에요 저는 한 번도 가본 적이 없어요 제 행운이죠 언젠가 꼭 가보고 싶어요 좋아요,2024-08-05,0,92,Monday,92
5,모든 연령대에 맞는 다양한 놀이기구를 갖춘 가족 친화적인 테마파크입니다 어느 계절에나 방문할 수 있으며 즐겁고 재미있는 경험을 할 수 있습니다,2024-08-04,0,79,Sunday,79
5,친구 가족과 함께 즐길 수 있는 놀이공원이에요 친구들과 함께 갔는데 정말 최고였어요 전반적으로 정말 즐거운 시간을 보냈어요 공원이 정말 넓어서 놀이기구가 겹칠까 봐 걱정하지 마세요 원하는 대로 하지 않는 한 시간이 부족할 수도 있거든요 어린아이들도 탈 수 있는 놀이기구가 정말 많아요 정말 멋진 경험이었어요,2024-07-30,0,171,Tuesday,171
5,괜찮은 곳이에요 한 곳에 다양한 놀이기구가 많아요 일요일에 가서 좀 붐볐지만 인기 놀이기구는 최대 60분까지 기다렸어요 그래도 그만한 가치가 있었어요 물론 디즈니 월드나 유니버설 스튜디오와는 비교할 수 없지만 실내라서 햇볕 아래서 기다릴 일은 없겠네요,2024-07-22,0,140,Monday,140
5,전반적인 경험 편의성 롯데월드와 아쿠아리움 통합권은 매우 편리해서 하루에 두 개의 주요 어트랙션을 모두 즐길 수 있었습니다 덕분에 시간과 비용을 절약할 수 있었고 가족 단위 여행객에게 매우 합리적인 선택이었습니다,2024-06-18,0,118,Tuesday,118
5,정말 좋았어요 제 티켓은 롯데월드 어드벤처 1일권과 서울스카이 티켓이 합쳐진 상품이었어요 정말 값어치 있었어요 하루에 다 돌아볼 수 있어서 정말 최고였어요 강력 추천합니다,2024-06-18,0,95,Tuesday,95
4,평일 아침인데도 사람이 정말 많았어요  그래도 즐거웠어요 코멧 익스프레스는 혜성특급이라고 하니 꼭 타보시길 추천드려요,2024-06-15,0,65,Saturday,65
5,이 공원에서 롤러코스터 세 개를 꼭 타보세요 프렌치 레볼루션은 플립플랩과 울퉁불퉁한 순간을 즐기는 사람들에게 적합합니다 아틀란티스 어드벤처나 두 번째 롤러코스터는 산악 구조물 사이를 날아다니며 아슬아슬한 순간을 선사합니다 물보라를 일으키는 부분도 몇 개 있어서 정말 좋습니다 세 번째 롤러코스터인 코멧 익스프레스는 다양한 스핀을 제공하여 정말 최고로 만족스러울 거예요 정말 감탄할 거예요 저는 전에 없던 경험을 했어요,2024-06-11,0,234,Tuesday,233
5,아이들과 함께 멋진 하루를 보냈습니다 입장도 정말 간편했어요 아이들과 함께 할 수 있는 액티비티도 많았어요 다만 할랄 음식은 많지 않았어요,2024-06-01,0,77,Saturday,77
5,Tripcom을 통해 예약하기가 쉽고 믿을 수 있습니다 카운터에서 바우처를 교환했습니다 하지만 롯데쇼핑 상품권을 받지 못했고 요청하는 것도 잊었고 줄이 너무 길어서 따로 요청하지 않고 바로 줬으면 좋았을 텐데요 그 외에는 사이트도 좋고 예약 경험도 훌륭했습니다,2024-05-01,0,145,Wednesday,145
4,괜찮았어요 이전 놀이공원들에 비해 규모도 크고 신나지도 않았어요 게임 몇 개밖에 못 했고 줄도 엄청 길었어요 어쨌든 서울에 간다면 꼭 가볼 만한 곳이에요,2024-03-11,0,85,Monday,85
5,티켓을 구하기 쉬웠습니다 아이들이 정말 재밌게 놀았습니다 실내와 실외 공간이 있어서 장소가 꽤 큽니다 아이들과 함께 가는 가족이라면 꼭 가봐야 할 곳입니다,2024-03-08,0,86,Friday,86
5,서울 롯데월드에 들어서는 순간 마치 마법 소설 속 세상으로 들어온 듯한 느낌이었습니다 마치 환상적인 동화책 속으로 들어온 듯 경이로움이 가득했습니다 롯데월드의 생동감 넘치는 건축물과 다채로운 색감은 마치 평행 우주를 만들어내며 곳곳에 숨겨진 이야기가 펼쳐졌습니다 마법의 성의 눈부신 조명은 밤하늘을 밝히며 저를 꿈과 설렘의 세계로 초대했습니다 스릴 넘치는 어트랙션들을 타고 동료 모험가들의 웃음소리와 기쁨은 소설 속 등장인물들의 활기찬 대화처럼 메아리쳤습니다 가슴 뛰는 롤러코스터부터 평화로운 보트 타기까지 각각의 놀이기구는 반전과 반전으로 펼쳐지는 이야기의 일부가 되었습니다 환상과 현실이 뒤섞인 롯데월드는 제 여행 경험의 소설에서 매혹적인 한 장을 선사했습니다,2024-02-28,0,371,Wednesday,371
5,롯데월드 놀이공원에서 먼저 티켓을 구매한 후 아쿠아리움에 가는 것을 잊지 마세요 놀이공원에서 얼마나 오래 머물고 싶은지에 따라 하루에 두 곳을 다 둘러보는 건 꽤 힘들 수 있습니다,2024-01-29,0,100,Monday,100
5,겨울에 갔는데 눈이 많이 왔어요 야외 놀이기구는 문을 닫았지만 실내 놀이기구는 정말 멋졌어요 공연도 훌륭했어요 참고로 재입장은 불가하며 한국 민속 문화에 꼭 필요한 티켓이니 분실하지 않도록 주의하세요,2024-01-04,0,111,Thursday,111
5,가족 여행을 갔어요 정말 멋진 여행이었어요 아이들과 행복한 시간을 보낼 수 있었어요 내년에 다시 와서 또 놀 거예요 어떤 경기는 정말 힘들었거든요,2024-01-03,0,81,Wednesday,81
5,실내 공원인데 몇몇 게임은 제대로 작동하지 않았지만 즐거운 시간을 보냈습니다 줄 서서 먹는 음식은 거의 없었고 화장실도 많고 흡연실도 두 개나 있어서 사랑하는 사람들과 함께 방문하기 좋은 곳이었습니다,2023-12-31,0,111,Sunday,111
5,티켓은 현장에서 구매하는 것보다 거의 50 할인된 가격으로 훨씬 저렴했습니다 가는 길에 바로 구매했는데 즉시 확인되고 쉽게 사용할 수 있었습니다 정말 좋은 상품입니다,2023-12-03,0,92,Sunday,92
5,Tripcom에서 티켓을 구매했는데 가격이 가장 저렴해서 좋았어요 카운터에서 티켓 교환하는 것도 아주 쉬웠는데 어느 카운터로 가야 할지 정확히 알고 있으면 됐어요 실내와 실외가 모두 있는 이 공원은 당일치기 여행에 딱이에요 공원 안에는 식당도 있어서 배고픔을 느낄 필요가 없어요 지하철로도 쉽게 갈 수 있어요,2023-12-01,0,172,Friday,172
5,정말 재밌어요 모든 연령대에 적합하고 좌석 공간과 콘센트가 넉넉해요 실내외 모두 티켓이 있고 추가 요금이 있는 액티비티는 몇 가지뿐이에요 버스로 쉽게 접근 가능합니다,2023-09-26,0,92,Tuesday,92
5,정말 멋진 곳이에요 여행하기 좋은 곳이에요 정말 아름다운 곳이에요 너무 좋아요 언젠가 다시 가고 싶어요,2023-08-01,0,57,Tuesday,57
5,꼭 가볼 만한 곳입니다 스릴 넘치는 놀이기구와 어린이 놀이기구가 있고 삼바 댄스 등의 공연도 볼 수 있습니다,2025-06-25,0,60,Wednesday,60
5,매우 좋은 거래입니다 롯데월드 어드벤처에 입장한 후 아쿠아리움에 가서 다시 롯데월드 어드벤처로 돌아올 수 있습니다,2025-07-19,0,63,Saturday,63
5,실내이지만 규모가 커서 실외 같아요,2024-03-29,0,19,Friday,19
4,많은 놀이기구와 마찬가지로 롯데월드는 한국의 주말과 여름 방학7월 중순부터 8월 중순까지에 보통 붐빕니다 9월에 열리는 추석 연휴와 크리스마스 새해 연휴에도 더 많은 사람들이 찾아옵니다 놀이기구를 타려면 인파가 적고 대기줄이 짧을 수 있으니 이 시기를 피하는 것이 좋습니다,2024-09-26,0,152,Thursday,152
4,대기줄이 길어서 매직패스 없이는 4개 이상 플레이도 못함,2024-08-03,0,31,Saturday,31
5,네 어린아이들과 함께 좋은 경험을 할 수 있고 특히 벚꽃 시즌에는 환경이 좋습니다,2024-04-08,0,45,Monday,45
5,우리 딸들은 롯데월드에서 즐거운 시간을 보냈어요 그리고 또 오고 싶어해요,2025-07-16,0,40,Wednesday,40
5,항상 즐거운 롯데월드,2024-12-08,0,11,Sunday,11
5,good place,2024-07-12,0,10,Friday,10
5,매직 패스를 사야 합니다 매직 패스가 없으면 평일에도 줄이 너무 길어집니다,2025-01-21,0,41,Tuesday,41
5,어렸을 때부터 제일 좋아하는 테마파크였어요 여기 세 번이나 왔는데 다음에도 꼭 다시 갈 거예요,2024-10-06,0,52,Sunday,52
4,이용하기 쉽고 놀이기구를 타려면 줄이 좀 길어질 수 있지만 괜찮은 곳이에요 오래 있을 필요는 없을 것 같아요,2023-10-15,0,60,Sunday,60
5,장소는 좋은데 주말에는 너무 붐벼요 놀이기구를 탈 때마다 최소 40분에서 50분은 기다려야 해요,2024-06-11,0,53,Tuesday,53
5,좋은 환경이었지만 사람이 너무 많고 대기줄이 너무 길었습니다,2024-02-04,0,33,Sunday,33
5,빠른 체크인 모든 어트랙션의 대기줄은 평균 1시간 정도입니다 개장 전 아침에 가셔야 합니다,2025-07-14,0,50,Monday,50
4,정말 흥미로웠어요 제 심장이 여러 번 떨어졌어요 들어가려면 먼저 카운터로 가서 티켓을 받아야 했는데 먼저 왔는데 티켓이 필요해서 자리를 놓쳤어요,2025-06-22,0,81,Sunday,80
4,Tripcom에서 티켓을 예매하는 것은 매우 쉽고 즉각적입니다 다른 나라로 가는 다음 여행도 Tripcom에서 구매할 것입니다 매우 편리하기 때문입니다,2025-06-20,0,84,Friday,84
4,깔끔하고 볼거리가 가득합니다 하지만 아쿠아리움 통합권을 구매하셨다면 먼저 아쿠아리움에 가세요 롯데월드는 재입장이 불가능하거든요 아쿠아리움은 훨씬 일찍 문을 닫습니다,2025-04-18,0,91,Friday,91
4,아직은 괜찮지만 영어로 된 표지판이나 안내가 더 필요할 것 같습니다 관광 명소이기 때문에 직원들도 각 행사에서 영어로 소통할 수 있어야 합니다,2025-03-18,0,79,Tuesday,79
4,줄이 엄청 길었으니 익스프레스 패스를 꼭 사세요 현장에서 구매하면 익스프레스 이용 시간이 최대 5회까지 가능하다고 들었어요 저희는 익스프레스 3회만 타고 일반 2회 이용했어요 오후 1시쯤에 가서 5시쯤에 나왔어요 6080분 줄을 피할 수 있었거든요 그리고 개인 선박은 탑승하려면 대기 번호가 있어야 해서 익스프레스 패스를 사용했어요,2025-02-22,0,185,Saturday,185
4,풍경 테마 그리고 주변 환경 모두 정말 재밌어요 다양한 세트장을 보는 것도 좋고 실내 테마파크라는 새로운 경험도 좋아요 하지만 패스트 패스를 구매하지 않으면 많은 놀이기구를 이용할 수 없으니 패스트 패스를 구매하는 것을 추천합니다,2025-02-05,0,128,Wednesday,128
4,에어컨이 잘 나오는 멋진 공원입니다 여름에는 정말 좋은 곳입니다 혼동스러운 번역이 있으니 주의하세요 예를 들어 식당의 음식 반납 카운터는 실제로는 트레이 반납을 의미합니다 주문한 음식을 모두 담기에는 테이블이 너무 작아서 먼저 음식 트레이를 반납하려고 했습니다 직원들은 트레이를 가져가라고 고집했고 심지어 음식 트레이를 바닥에 놓으라고 권하기도 했습니다 저는 따르지 않았습니다 다음 사람이 자리를 잡지 못하면 직원들이 빈 자리를 남겨두기 때문에 대기 시간이 길었습니다 흥미로운 경험이었습니다,2024-09-05,0,274,Thursday,274
5,롯데월드에는 실내 테마파크인 롯데월드 어드벤처 야외 테마파크인 매직 아일랜드 아이스링크 쇼핑몰 한국 민속 박물관이 있습니다 누구나 즐길 수 있는 다양한 즐길 거리가 있으며 주말에는 많은 인파가 몰립니다 번지 드롭 자이로 스윙 아틀란티스 코멧 익스프레스 플룸 라이드 등의 놀이기구를 즐겨보세요 밤에는 태양의 서커스 팀이 제작한 신나는 멀티미디어 나이트 퍼레이드로 더욱 생동감 넘치는 분위기를 연출합니다 프리미엄 패스로 대기 없이 바로 입장할 수 있습니다,2024-08-12,0,252,Monday,252
4,솔직히 티켓을 받는 방식이 최악이었어요 수족관 근처 반대편까지 두 번이나 걸어가야 했는데 제공된 정보가 명확하지 않아서 한국어로 말하려고 애썼지만 소용없었어요 직원들도 외국인을 먹는다는 걸 알게 된 순간부터 별로 도움이 되지 않았어요,2024-04-03,0,130,Wednesday,130
4,건물 안팎에 다양한 게임이 있습니다 저희 티켓에는 같은 건물에 위치한 아쿠아리아 롯데월드 이용권이 포함되어 있습니다,2024-02-28,0,64,Wednesday,64
5,이 멋진 테마파크한국 서울 롯데월드 어드벤처에서 잊지 못할 추억을 만들어 보세요 제 기억이 맞다면 이곳은 세계에서 가장 큰 실내 테마파크입니다 저는 이곳의 모든 놀이기구를 좋아하지만 조금 무섭긴 하지만 정말 즐거웠고 다양한 놀이기구자이로 스핀 자이로 스윙 자이로 드롭 플룸 라이드 프렌치 레볼루션 번지 드롭를 타는 동안 정말 신났습니다 제게는 자이로 드롭이 가장 짜릿했습니다 하지만 자이로 스윙을 타면서 아름다운 도시 풍경과 아름다운 공원의 풍경을 모두 감상할 수 있습니다 강력 추천합니다 한국에 가면 꼭 가봐야 할 명소입니다,2024-01-28,0,294,Sunday,294
3,연말연시 금요일에 갔는데 사람이 정말 많았어요 인기 놀이기구를 타려면 평균 2시간 이상 줄을 서야 했어요 여기서 시간을 최대한 활용하고 싶다면 익스프레스 패스매직 패스를 추천합니다 그렇지 않으면 분위기도 정말 좋았고 그냥 그곳에 있는 것만으로도 행복했어요 tripcom에서 예약하고 티켓 교환하는 과정도 아주 매끄러웠고 강력 추천합니다,2023-12-22,0,187,Friday,187
4,어린아이들이 놀 수 있는 게 많지 않아요 어른과 3세 이상 어린이의 가격이 동일해서 연령대가 다른 아이들에게는 그다지 가치가 없다고 생각해요 저는 월요일에 갔는데 사람이 많았고 특히 한국 젊은이들이 많았어요 어린이 프로젝트 줄은 20분에서 40분 정도였어요 하루에 많은 프로젝트를 하지 못했어요 프로젝트가 비교적 빽빽한 편인데 디즈니 파크는 규모가 매우 크고 걸어서 돌아다녀야 해서 아이들이 놀기 좋아요 야외 성은 밤에 불을 밝히면 정말 아름다워요 실내는 춥지 않고 가방이나 코트를 보관할 수도 있어요,2023-12-20,0,280,Wednesday,280
4,직접 가서 티켓을 사는 것보다 여기서 사는 게 훨씬 저렴해요 티켓을 받을 수 있는 카운터가 따로 있어요 1회 탑승 가능한 익스프레스 티켓5회 탑승을 구매하는 걸 추천해요 저희는 대기 시간이 23시간이라 1인당 4만 9천 원을 냈어요,2023-11-26,0,129,Sunday,129
4,우리 아이는 그곳을 좋아했습니다 외국인 방문객이 공원의 각 구역으로 가는 길을 더 잘 안내하는 표지판이 있으면 더 좋을 것 같습니다,2023-10-21,0,73,Saturday,73
4,줄이 길었고 대부분 놀이기구는 거의 2시간씩 기다려야 했어요 건물 안은 정말 더웠지만 모든 곳이 한국어 영어 일본어 중국어 4개 언어로 되어 있어서 이동하기 편했어요 한 번쯤 경험해 보면 재밌을 거예요,2023-10-02,0,112,Monday,112
3,유령의 집은 아마 내가 다시 줄을 서서 탈 유일한 놀이기구였을 거야 나머지는 그냥 평범했어 놀이기구 전체가 아이들로 가득 차 있었고 거기에 있는 게 우리에게는 정말 어울리지 않는 것 같았어,2023-10-01,0,106,Sunday,105
5,좋은 놀이공원 티켓에 비해 매우 가치가 있습니다 예약하기 쉬웠고 현장에서 판매하는 것보다 저렴했습니다,2025-03-12,0,56,Wednesday,56
5,최고의 패키지 투어,2025-01-04,0,10,Saturday,10
5,쇼핑몰과 기차역과 가까워서 좋은 호텔입니다 가족 여행에 좋습니다,2024-11-11,0,35,Monday,35
5,꽤 재밌고 매직 패스는 그만한 가치가 있어요 줄이 너무 길어요 매직 패스를 사길 잘했어요,2024-12-15,0,49,Sunday,49
5,매직 패스를 구매하세요,2024-08-18,0,12,Sunday,12
5,가족과 아이들과 함께 갔는데 정말 즐거웠습니다 다만 일부 구역은 노후화로 인해 개선이 필요해 보입니다,2024-06-01,0,56,Saturday,56
5,우리 가족은 놀라운 4D 어트랙션을 정말 좋아했습니다 친구들에게도 꼭 추천하고 싶습니다,2024-01-06,0,48,Saturday,48
5,아주 좋아요 가기 전에 꼭 사세요 행사장에서 사느라 시간 낭비하지 마세요 그런데 제가 갔던 날에는 사람이 꽤 많았어요,2025-01-09,0,65,Thursday,65
5,서울의 중심지에 가깝습니다 아이가 있든 없든 꼭 방문해야 할 곳입니다,2024-08-08,0,38,Thursday,38
5,아이들이 실내와 실외에서 놀 수 있는 좋은 테마파크  너무 좋아요  ㅎㅎ,2024-06-28,0,40,Friday,40
5,아주 좋은 가격에 티켓을 구했어요 모든 것을 재생할 수 있습니다 몇 번을 가더라도 편리한 교통에 감동받을 것입니다,2024-09-10,0,63,Tuesday,63
4,그곳은 여행하기 정말 좋은 곳이네요,2024-04-07,0,19,Sunday,19
5,아이와 함께 여행하기 좋아요,2024-09-15,0,15,Sunday,15
5,티켓으로 교환하려면 QR 코드를 지참해야 합니다,2025-04-12,0,26,Saturday,26
4,날씨 때문에 야외 놀이기구가 문을 닫아서 여행 전체를 제대로 즐기지 못했습니다,2024-02-19,0,43,Monday,43
5,여름이라 좀 더웠지만 정말 즐거웠어요,2024-08-20,0,20,Tuesday,20
4,우리가 거기에 있었을 때는 공원이 너무 작고 놀이기구도 많이 없어서 즐길 게 하나도 없었습니다,2024-03-26,0,52,Tuesday,52
3,비가 내려서 야외 놀이기구를 탈 수 없었습니다 그래서 전체 티켓을 샀고 스릴 라이드를 즐길 수 없었습니다 패스트 패스도 샀지만 실내에서만 가능한 것처럼 패스트 패스의 놀이기구를 다 탈 수도 없었고 선택의 폭이 별로 없었습니다 야외 공원을 폐쇄할 거라면 티켓 가격을 낮춰야 했습니다,2025-07-03,0,156,Thursday,156
5,매우 즐겁고 재밌었습니다 다음에도 가족과 함께 다시 방문하고 싶습니다,2025-03-13,0,38,Thursday,38
3,롯데월드 어드벤처 롯데월드는 한국의 인기 엔터테인먼트 및 레크리에이션 단지로 다음과 같은 시설을 갖추고 있습니다 롯데월드 어드벤처실내 테마파크 1 스릴 넘치는 놀이기구 롤러코스터 워터라이드 4D 시뮬레이터 2 가족 친화적인 어트랙션 회전목마 범퍼카 키즈존 3 테마 구역 월드 카니발 정글 어드벤처 판타지랜드 기타 롯데월드 어트랙션 1 롯데월드타워서울스카이 서울의 탁 트인 전망 2 롯데월드몰 쇼핑 다이닝 엔터테인먼트 3 롯데월드 민속박물관 한국의 문화와 전통을 전시 4 롯데월드 아쿠아리움 전 세계 해양 생물 5 아이스링크 실내 아이스 스케이팅 위치 서울특별시 송파구 올림픽로 240 롯데월드 운영 시간 어트랙션에 따라 다릅니다 일반적으로 오전 9시 30분부터 오후 10시까지입니다 팁 1 혼잡을 피하려면 미리 계획을 세우세요 2 편안한 옷과 신발을 착용하세요,2024-10-13,0,425,Sunday,425
3,좋은 곳이고 아이들과 함께 가기에도 좋을 것 같아요 즐길 만한 음식 종류도 다양해요 하지만 큰 문제가 하나 있어요 일반 티켓을 사면 줄이 너무 길어서 모든 어트랙션을 다 체험할 수 없어요 한 곳은 2시간이나 걸렸어요 그다음에는 일반 티켓 가격의 6배인 매직 패스를 사야 하는데 아무리 사더라도 점심 시간 이후에는 매진이라 티켓 값을 어떻게 써야 할지 모르겠어요,2024-01-04,0,201,Thursday,201
5,이곳을 정말 좋아하고 구원받는 것도 아주 쉬웠습니다,2023-12-05,0,28,Tuesday,28
4,나는 그 장소를 방문하는 것을 좋아하고 결코 잊지 않습니다 모든 사람이 한 번은 그 장소를 방문하기를 권장합니다,2024-10-02,0,62,Wednesday,62
5,여자친구와 함께한 정말 기억에 남는 커플 이벤트를 적당한 가격에 다녀왔습니다,2024-06-27,0,42,Thursday,42
5,네 모든 연령대의 아이들에게 천국과 같은 곳이에요 저희 가족 모두 즐거운 시간을 보냈어요,2025-07-14,0,49,Monday,49
5,가족과 아이들과 함께 가기에 좋습니다 즐거운 시간 보내세요 아이들이 계속 오고 싶어해요,2024-10-04,0,48,Friday,48
4,따뜻한 분위기의 좋은 곳이에요 서비스도 훌륭하고 음식도 맛있어요,2024-08-13,0,35,Tuesday,35
5,정말 멋지고 신나는 곳이에요 하지만 줄이 너무 길어서 견딜 수가 없어요,2024-11-15,0,39,Friday,39
5,여행 중에 좋은 상품을 구매했습니다 테마파크에서 사는 것보다 저렴합니다,2024-06-18,0,39,Tuesday,39
5,저와 제 여자친구는 다르게 갔고 그만한 가치가 있었고 귀여운 것들이 많았습니다,2024-01-31,0,43,Wednesday,43
5,그곳은 좋은 곳이었고 모험이 많았지만 조금 비쌌습니다,2024-11-13,0,29,Wednesday,29
4,실내외 테마파크가 있어서 부가가치가 있습니다 하지만 단일 게임으로는 대기 시간이 너무 깁니다,2024-12-21,0,51,Saturday,51
5,포켓몬 봄 테마 너무 재밌고 귀여웠어요 강력 추천합니다,2025-03-18,0,30,Tuesday,30
5,가장 저렴하지만 학교 방학 때 한국에 가서 사람이 너무 많아요,2024-06-24,0,34,Monday,34
5,재밌게 놀기 좋은 곳인데 사람이 너무 많았어요 놀이기구 타려면 Q가 길어야 해요,2024-06-04,0,44,Tuesday,44
5,사람이 너무 많은데 너무 아름다운 곳이에요,2024-09-14,0,23,Saturday,23
4,공원에서 즐거운 시간을 보냈습니다 꽤 좋았지만 몇 가지 개선이 필요한 부분이 있었습니다,2024-08-13,0,48,Tuesday,48
5,구매할 가치가 있습니다 카운터에서 티켓으로 교환해야 합니다,2025-04-15,0,32,Tuesday,32
3,사람이 너무 많아요 게임 3개만 참여할 수 있어요 게임마다 1시간 이상 대기해야 해요,2023-12-22,0,47,Friday,47
5,교환하기 쉽고 장소는 붐비지만 전반적으로 아이들은 즐깁니다,2025-04-21,0,32,Monday,32
5,아이들과 꼭 가봐야 할 곳이에요 단점은 줄이 길다는 거예요,2023-12-25,0,32,Monday,32
5,티켓 예약 및 수령이 간편합니다 가격 대비 만족합니다,2024-01-26,0,29,Friday,29
5,정말 기대되는 여행이었어요 응원해주셔서 감사합니다,2025-06-06,0,27,Friday,27
5,멋지고 미친 게임이네요,2024-12-29,0,12,Sunday,12
5,가격 대비 만족도가 높고 실물 티켓으로 교환하기 쉽습니다,2024-08-31,0,31,Saturday,31
5,매직패스로 하면 더 좋다,2023-08-10,0,13,Thursday,13
5,나는 정말 재밌었어요 내가 가본 놀이공원 중 가장 멋진 곳이에요,2024-09-30,0,35,Monday,35
5,모든 액티비티가 재밌었고 기대 이상이었어요 주말에는 줄이 너무 길었어요,2025-07-15,0,39,Tuesday,39
5,서울에 위치한 한국 최고의 테마파크 롯데월드 어드벤처에서 마법 같은 여정을 시작하세요 매혹적인 실내외 공간을 자랑하는 롯데월드 어드벤처는 스릴 넘치는 놀이기구 매혹적인 쇼 그리고 즐거운 퍼레이드를 선사합니다 심장을 뛰게 하는 롤러코스터부터 모든 연령대를 위한 매력적인 어트랙션까지 이 세계적인 수준의 파크는 끝없는 재미와 모험을 보장합니다 스릴과 환상이 환상적으로 어우러진 진정한 몰입형 여행지의 경이로움을 경험해 보세요,2024-08-14,0,235,Wednesday,235
5,세계 최대 규모의 실내 놀이공원 중 하나로 아틀란티스 콩키스타도르 프렌치 레볼루션 등의 놀이기구를 갖추고 있습니다 매직 아일랜드로 알려진 야외 공간에서는 자이로 드롭과 자이로 스윙 등 신나는 놀이기구를 즐길 수 있습니다,2024-08-10,0,122,Saturday,122
5,처음 가봤는데 좋은 경험이었고 할 수 있는 게 정말 많았어요 가족 친구들과 함께 추억할 수 있는 최고의 순간들이었어요,2024-08-07,0,65,Wednesday,65
5,롯데월드 어드벤처에서의 하루는 고속 아틀란티스 롤러코스터 탑승의 스릴로 시작됩니다 그 후 매직 아일랜드와 어드벤처 같은 테마 존을 탐험하며 프랑스 혁명 놀이기구와 기발한 회전목마 등의 어트랙션을 즐겨보세요 실내 파크에서는 쇼 퍼레이드 그리고 다양한 먹거리를 즐길 수 있습니다 오후에는 실내 링크에서 아이스 스케이팅을 즐기고 기념품 쇼핑을 즐길 수 있습니다 저녁에는 화려한 멀티미디어 퍼레이드와 불꽃놀이가 펼쳐집니다,2024-07-29,0,231,Monday,231
4,대부분의 게임은 1시간 이상 대기해야 하므로 패스트 패스를 구매하는 것이 좋습니다,2024-07-04,0,45,Thursday,45
5,서울에 위치한 롯데월드는 남녀노소 누구나 즐길 수 있는 엔터테인먼트와 모험이 어우러진 놀라운 경험을 선사합니다 넓은 부지에 실내외 놀이공원 쇼핑몰 인공섬까지 마련되어 있어 누구나 즐거운 시간을 보낼 수 있습니다 실내 매직 아일랜드는 스릴 넘치는 놀이기구와 신나는 쇼로 더위를 피해 휴식을 취하기에 안성맞춤이며 야외 어드벤처 테마파크는 다양한 롤러코스터와 어트랙션을 제공합니다 롯데월드의 상징적인 매직 캐슬 아름다운 인공섬 그리고 판타지 포레스트와 어드벤처 랜드와 같은 테마존은 짜릿함을 더합니다 활기 넘치는 분위기 화려한 퍼레이드 다채로운 엔터테인먼트를 자랑하는 롯데월드는 가족 친구 그리고 스릴을 즐기는 모든 이에게 기쁨과 모험의 향연을 선사하는 역동적인 여행지입니다,2024-02-28,0,374,Wednesday,374
5,한국 특히 서울 여행을 계획하신다면 롯데월드 어드벤처를 꼭 일정에 포함하세요 익스트림 액티비티를 좋아하는 분이라면 즐길 수 있는 놀이기구가 정말 많습니다,2024-02-10,0,85,Saturday,85
4,에버랜드만큼 재밌지는 않지만 가볼 만한 가치가 있어요,2024-01-02,0,29,Tuesday,29
5,훌륭합니다 Tripcom에서 구매하면 가성비가 매우 좋습니다,2023-12-02,0,33,Saturday,33
3,이곳은 12세 이하의 어린이를 포함한 가족 여행을 위한 곳이라고 생각합니다,2025-01-07,0,41,Tuesday,41
4,특히 야외 구역에서 신나는 놀이기구를 즐겨보세요,2024-12-17,0,26,Tuesday,26
5,아이들과 함께 즐거운 하루를 보낼 수 있는 최고의 장소,2024-10-07,0,30,Monday,30
5,아주 좋은 티켓으로 여자친구와 함께 여행했어요,2024-06-27,0,25,Thursday,25
5,원활한 교환 과정 모든 것이 좋습니다,2024-11-12,0,20,Tuesday,20
5,정말 재밌어요 탐험할 수 있는 명소가 많아요,2024-11-02,0,24,Saturday,24
3,비가 내리고 모두가 실내 놀이기구를 타기 위해 줄을 서 있었고 모든 놀이기구가 너무 오래 걸렸습니다,2024-05-22,0,55,Wednesday,55
5,티켓 교환이 간편해요 강력 추천합니다,2024-02-14,0,20,Wednesday,20
5,방문하기 좋은 곳이에요 아이들이 정말 좋아했어요,2023-12-06,0,26,Wednesday,26
5,가족과 함께 보낸 정말 좋은 하루였습니다,2025-06-05,0,22,Thursday,22
5,방문할 만한 가치가 있지만 게임은 대부분 청소년을 대상으로 합니다,2025-04-13,0,36,Sunday,36
4,괜찮은 놀이공원 스릴 넘치는 놀이기구는 없음 음식은 괜찮고 그렇게 비싸지 않음,2024-12-20,0,43,Friday,43
5,롯데월드 어드벤처에서 정말 즐거운 시간이었습니다,2024-10-10,0,26,Thursday,26
5,테마파크에서 시간을 보내기에 좋은 곳,2023-10-04,0,20,Wednesday,20
5,예약이 쉽고 사용하기 편리했습니다,2025-07-01,0,18,Tuesday,18
4,좋은 경험이었습니다,2025-07-02,0,10,Wednesday,10
3,많은 기계가 닫혀서 서비스를 받을 수 없었지만 저는 프리미엄 패스트트랙으로 전액을 지불했습니다,2025-04-29,0,52,Tuesday,52
5,좀 더 극단적인 감정을 느끼기에 좋은 곳,2024-08-23,0,22,Friday,22
4,한 번 방문했는데 재밌고 기억에 남는 곳이었습니다 하지만 다시는 안 갈 것 같아요,2024-01-02,0,46,Tuesday,45
5,아주 좋은 곳이고 보기에도 매력적이네요,2024-10-15,0,21,Tuesday,21
4,아이들에게 더 적합합니다 겨울철에는 많은 어트랙션이 문을 닫습니다,2023-12-20,0,36,Wednesday,36
5,플레이할 가치가 있다,2025-03-27,0,11,Thursday,11
5,정말 재밌어요,2023-09-01,0,7,Friday,7
5,우리가 경험한 최고의 경험 중 하나,2025-02-21,0,19,Friday,19
5,이 곳을 추천해줘서 좋다,2024-08-12,0,13,Monday,13
4,줄이 너무 길어서 실제로는 많은 놀이기구를 탈 수 없었습니다,2024-03-24,0,33,Sunday,33
5,아이들과 함께라 피곤했지만 재밌었어요,2025-05-12,0,20,Monday,20
3,시설이 너무 낡았어요 인기 놀이기구를 타려면 몇 시간씩 줄을 서야 해요 그럴 가치가 없어요,2025-05-05,0,50,Monday,50
5,좋은 여행이었습니다,2024-10-21,0,10,Monday,10
5,좋고 훌륭합니다 다시 방문하고 싶습니다,2024-09-26,0,21,Thursday,21
3,롯데월드 아쿠아리움 입장권은 포함되어 있지 않습니다 일반 패키지로 예약하세요,2025-07-19,0,42,Saturday,42
5,사용하기 쉬웠어요 정말 즐거운 시간 보냈어요,2025-04-24,0,24,Thursday,24
5,티켓을 구매하는 것이 매우 편리합니다,2025-04-07,0,20,Monday,20
4,어린 자녀나 청소년을 둔 분들에게 좋은 곳입니다,2025-04-28,0,26,Monday,26
5,재밌네요  금요일은 사람이 엄청 많아요,2024-11-25,0,21,Monday,21
4,재밌는 곳이지만 아이들이 더 어릴 때 가는 게 좋을 것 같아요,2024-10-08,0,34,Tuesday,34
4,현장에서 티켓을 구매하는 것보다 저렴합니다,2025-01-01,0,23,Wednesday,23
5,방문하기 가장 좋은 곳 중 하나,2024-08-11,0,17,Sunday,17
5,환상적이네요 너무 좋았어요,2024-10-05,0,14,Saturday,14
5,내가 가본 곳 중 최고의 곳,2025-07-18,0,15,Friday,15
5,매우 좋은 실내 활동,2025-01-09,0,11,Thursday,11
4,볼거리가 더 많아지면 좋겠어요,2025-04-19,0,16,Saturday,16
5,매우 흥미로운 곳,2024-09-30,0,9,Monday,9
4,이 테마파크에서 우리 가족의 휴가를 즐기고 있습니다,2024-06-20,0,28,Thursday,28
4,국내 최초 세계 최대 규모의 실내 테마파크 롯데월드는 당신이 원하는 모든 것을 경험할 수 있는 복합 라이프 공간입니다,2024-01-26,0,65,Friday,65
5,이곳 너무 좋아요,2025-02-18,0,10,Tuesday,9
5,방문하기 좋은 곳,2025-02-15,0,9,Saturday,9
5,세상에서 가장 좋은 곳,2024-10-11,0,12,Friday,12
5,사람들은 여기서 즐길 것이다,2024-10-10,0,15,Thursday,15
5,다시 방문하고 싶어요,2024-09-27,0,11,Friday,11
4,모든 게임에서 Q가 나올 것으로 예상하세요그냥 인내심을 가지세요,2025-05-28,0,35,Wednesday,35
5,아이들은 이곳을 좋아해요,2024-05-19,0,13,Sunday,13
5,내가 방문하기 좋은 곳,2023-12-08,0,12,Friday,12
5,사용하기 쉽고 빠릅니다,2025-06-11,0,12,Wednesday,12
5,방문해주셔서 감사합니다,2024-10-12,0,12,Saturday,12
5,재밌어요 사용하기도 편해요,2024-09-25,0,14,Wednesday,14
5,그 장소는 꽤 오래되었습니다,2024-09-18,0,15,Wednesday,15
5,매우 좋은 상태,2024-08-23,0,8,Friday,8
5,정말 좋고 재밌는 곳이에요,2024-08-12,0,14,Monday,14
4,즐거운 곳이었지만 사람이 너무 많았어요,2025-07-01,0,21,Tuesday,21
5,놀라운 서비스,2024-10-07,0,8,Monday,7
5,방문하고 싶습니다,2024-09-25,0,9,Wednesday,9
5,환상적인 곳이에요,2024-08-25,0,10,Sunday,9
5,이 천국의 땅,2024-08-23,0,7,Friday,7
5,엄청 재밌어요,2024-08-08,0,8,Thursday,7
5,티켓을 구하기 쉽습니다,2024-05-10,0,12,Friday,12
5,아이들을 위한 재미있는 놀이기구,2024-12-08,0,17,Sunday,17
5,그것은 모험이다,2024-10-10,0,8,Thursday,8
4,롯데에서 재밌었어요,2024-03-27,0,10,Wednesday,10
3,놀이공원이 너무 주차되어 있어서 놀이기구를 타기가 힘들어요,2023-12-19,0,32,Tuesday,32
5,정말 좋았어요,2024-10-06,0,7,Sunday,7
5,환상적인 장소,2024-05-15,0,7,Wednesday,7
5,그곳이 정말 좋았어요,2025-07-15,0,11,Tuesday,11
5,정말 즐거웠습니다,2025-07-11,0,9,Friday,9
5,매우 아름답다,2025-05-31,0,7,Saturday,7
5,방문할 만한 곳입니다,2024-09-27,0,11,Friday,11
5,좋은 테마파크,2024-08-04,0,7,Sunday,7
5,여기서 재밌게 놀다,2024-07-30,0,10,Tuesday,10
3,한국 사람들은 전혀 친절하지 않아요 마치 우리가 그들의 가족을 죽이는 것 같아요 555,2024-07-03,0,48,Wednesday,48
5,재밌지만 사람이 많아요,2023-10-08,0,12,Sunday,12
5,아이들에게 좋다,2024-05-02,0,8,Thursday,8
5,정말 좋은 곳이에요,2024-12-16,0,10,Monday,10
5,아이들에게 행복하다,2024-10-12,0,10,Saturday,10
5,하고 싶습니다,2024-10-08,0,7,Tuesday,7
4,한국 방문 시 꼭 가봐야 할 곳,2023-12-18,0,17,Monday,17
4,아이들을 위한 활동을 더 추가할 수 있습니다,2023-12-16,0,24,Saturday,24
5,장소는 재미있었습니다,2023-10-31,0,11,Tuesday,11
5,즐거운 시간이었습니다,2024-12-16,0,11,Monday,11
5,매우 예쁘다,2024-10-01,0,6,Tuesday,6
5,좋은 곳이에요,2025-01-26,0,7,Sunday,7
5,가장 좋은 장소,2024-08-20,0,8,Tuesday,8
5,매우 좋아요,2025-07-13,0,6,Sunday,6
4,아이들과 함께 환상적인 하루를 보내세요,2025-06-26,0,21,Thursday,21
5,너무 재밌어요,2025-02-25,0,7,Tuesday,7
5,그만한 가치가 있어요,2024-10-20,0,11,Sunday,11
4,아이들에게 좋고 가격 대비 가치가 있습니다,2024-02-28,0,23,Wednesday,23
5,너무 재밌어,2024-08-04,0,6,Sunday,6
4,사람이 너무 많아서 피곤하지만 좋았어요,2024-07-12,0,21,Friday,21
5,매우 재미있다,2023-10-17,0,7,Tuesday,7
5,너무 좋았어용,2025-01-22,0,7,Wednesday,7
4,빠르고 즉각적인 예약,2025-06-13,0,11,Friday,11
4,한국 여행은 좋았어요,2024-10-17,0,11,Thursday,11
4,좋은 날씨와 함께하는 재미,2025-05-27,0,14,Tuesday,14
4,저렴하게 갔다올 수 있었습니다,2024-05-10,0,16,Friday,16
4,우리는 즐거운 시간을 보냈습니다,2024-10-26,0,17,Saturday,17
4,아이들에게 좋아요,2024-05-12,0,9,Sunday,9
3,각 놀이기구의 줄이 너무 길어,2024-05-04,0,16,Saturday,16
4,사용하기 쉽습니다,2024-04-30,0,9,Tuesday,9
3,가족에게 좋다,2024-01-03,0,7,Wednesday,7
1,이곳은 놀이공원이 아니라 150분 동안 끝없이 줄을 서 있는 시뮬레이터입니다 덜 인기 있는 어트랙션에서는 말라버린 애니메트로닉스가 지하 세계 공포와 메스꺼움을 유발합니다 하지만 운영진은 이것으로 돈을 가장 많이 빨아들이는 방법을 알아냈습니다 입장권 외에도 유료로 즐길 수 있는 어트랙션이 많습니다 인파의 숨 막히는 악취는 밖에서도 느껴집니다 심지어 대기열은 임시 폐쇄된 놀이기구를 의미합니다 자신과 시간 돈이 아깝다면 가지 마세요 아이들에게 공원에 전염병이 돌고 있다고 알려서 기분을 상쾌하게 해 주세요,2025-05-16,0,281,Friday,281
2,어린아이를 위한 실내 및 실외 활동만 보세요 사람이 너무 많고 대기 시간이 길어요 대부분 활동은 입장권과 별도로 추가로 지불해야 합니다 결론적으로 가족과 함께 가면 지불할 가치가 없습니다,2024-10-04,0,104,Friday,104
2,시간과 돈 낭비였습니다 다른 가족을 만나서만 갔는데 매직 패스를 미리 구매해서 주요 명소에서 줄을 서지 않고 즐길 수 있는 유일한 방법인 것 같습니다 공휴일에는 피해야 하고 그렇지 않으면 아주 짧은 시간 동안 줄을 서서 기다려야 합니다 지금까지 방문한 놀이공원 중 최악입니다,2023-10-05,0,153,Thursday,153
1,제가 예약한 날은 비가 좀 오고 거의 비가 오지 않았습니다우산에 몇 방울 떨어졌습니다 하지만 밖에서는 대부분의 흥미로운 게임을 이용할 수 없었고 서비스가 중단되었습니다 롤러코스터를 좋아하는 사람에게는 돈 낭비였습니다,2025-06-04,0,120,Wednesday,120
1,어트랙션 하나당 두 시간씩 기다려야 하고 엄청난 인파 속에서 비명을 지르고 어트랙션의 절반은 추가 요금을 내야 합니다 입장료는 6만 1천 원인데 말이죠 우리는 같은 놀이기구를 탔는데 먼지투성이에 더럽고 디즈니랜드와는 전혀 거리가 멀었습니다 5D 영화에는 온갖 물건이 잔뜩 있었는데 줄을 서야 했습니다 이제 잃어버린 돈은 헛수고로 받아들이고 있습니다 시간 낭비일 뿐입니다 Categorical 시간 낭비는 추천하지 않습니다,2025-05-16,0,235,Friday,235
1,제가 가본 놀이공원 중 최악이었어요 놀이기구가 거의 없고 줄도 길었고 줄 없이 가는 놀이기구는 정말 지루했어요 음식은 비싸고 전부 패스트푸드였어요 절대 추천하지 않아요,2025-05-04,0,93,Sunday,93
1,우리는 티켓으로 인한 문제 해결을 기다리며 롯데월드에 있었습니다 꽤 오랜 시간 동안 기다렸고 고객 서비스는 나쁜 태도이고 정말 좋지 않습니다 우리의 티켓은 2개월 전에 구매했지만 다른 사람이 그 문제를 가져갔습니다 이게 무슨 서비스인가요,2024-12-24,0,132,Tuesday,132
1,유아를 데리고 갈 만한 가치가 없습니다 줄은 약 1시간 정도 걸리기 때문에 그녀는 대부분의 시간을 탈 수 없는 것에 대해 울면서 보냈습니다 우리는 들어갔고 그녀는 3세 미만이지만 아기 티켓이 필요하다고 했습니다 우리는 그녀의 티켓을 지불했지만 그녀는 겨우 3개의 놀이기구만 탈 수 있었습니다 우리는 매우 실망했습니다 이곳은 십 대의 모임데이트 장소이기 때문에 전혀 가족 친화적이지 않다고 생각했습니다 저는 당신의 돈을 낭비하지 않을 것입니다,2024-11-26,0,247,Tuesday,246
1,방문하기 좋은 곳이지만 특정 구역에서 영어를 구사하는 직원들이 현지인에 대한 편견을 가지고 있어서 매우 황폐하고 실망스러웠습니다 불행히도 외국인인 우리에게는 그들의 의견이 중요하지 않은데 의사소통을 거부하거나 눈을 마주치지도 않았습니다 영어를 구사하는 직원이 부족하다는 것을 보여주었습니다,2024-07-29,0,161,Monday,161
1,가기로 결정했다면 행운을 빌어요 제가 본 최악의 공원이에요 놀이기구를 탈 때마다 34시간 줄을 서야 해요 결국 포기해야 했어요 60초짜리 놀이기구를 타는 동안 끔찍한 군중 속에서 땀을 흘리며 시간을 보내야 해요 주중에 군중이 너무 많아서 놀랐어요 공원은 들어갈 수 있는 사람 수를 제한해야 해요 실망 그 자체예요,2024-06-07,0,174,Friday,174
1,직원들 때문에 정말 속상해요 특히 풍선 타는 사람들 때문에요 부모님 늦게 오신다고 3살 아들을 쫓아낸 그 남자 때문에요 직원들이 너무 화가 나고 피곤해 보여요,2023-08-19,0,89,Saturday,88
1,12월 30일 최악의 줄서기,2024-12-30,0,15,Monday,15
1,티켓은 라이더들의 교통 상황을 고려하면 비쌉니다 대기 시간이 길고 장소가 붐빕니다,2024-10-16,0,45,Wednesday,45
2,너무 붐벼요 줄도 길고요 저희는 딱 한 번만 탈 수 있었어요,2025-04-10,0,33,Thursday,33
1,오래된 시립 공원 가치가 없어,2023-12-21,0,16,Thursday,16
1,많은 많은 사람들,2024-12-22,0,9,Sunday,9
1,매우 나쁘고 오래되었고 매우 비쌉니다,2024-06-12,0,20,Wednesday,20
2,너무 혼잡해요,2025-02-24,0,7,Monday,7
1,온 가족이 즐길 수 있는 아주 즐거운 곳,2025-05-05,0,22,Monday,22
1,웹사이트에 휴관 공지가 있더라고요 공원 측과 tripcom에 문의해 봤지만 아무도 확실하게 알려주지 않았어요 끝까지 가서 문 닫은 걸 보고 싶지 않았거든요 공원의 내부 사정을 잘 모르는 건 정말 안타까운 일이에요 공원이 정비를 위해 휴관했다는 걸 확인할 수 없다면 도대체 무슨 큰 시설인 거죠,2025-07-18,0,163,Friday,163
1,최악의 경험이었어요 방문할 가치조차 없었어요 직원들이 tripcom에서 구매한 패스에 대해 제대로 설명하지 않았고 QR 코드를 보여줬는데도 줄을 서라고 했어요 줄이 길었고 직원들은 성실하지 않았어요 1시간씩 줄을 서서 줄을 서서 맨 앞에 서 있는 아이 키를 재러 온 게 전부였어요 놀이기구를 탈 때마다 한 시간 넘게 걸렸고 관리도 엉망이었어요 다시는 안 갈 거예요,2025-06-08,0,203,Sunday,203
5,저는 이곳을 정말 좋아합니다 제 딸아이가 4살인데 정말 좋아해요 롯데월드 테마파크에서 하루 종일 놀 수도 있고 티켓 가격도 정말 만족스럽습니다,2024-03-15,0,79,Friday,79
5,아이든 어른이든 누구나 이곳에 올 수 있습니다 한국의 롯데월드는 추운 계절에 더욱 즐겁습니다 햇볕이 뜨겁지 않고 분위기가 아주 좋기 때문입니다 시내 중심에 위치해 있어 지하철을 쉽게 이용할 수 있습니다 입장료도 비싸지 않아 여행과 휴식을 즐기기에 좋습니다 많은 태국인들이 이곳을 찾습니다,2024-03-13,0,160,Wednesday,160
5,벚꽃 철에 갔었는데 정말 아름다웠어요 분위기도 좋고 춥지도 않았어요 다시 갈 기회가 있다면 카메라를 사서 예쁜 사진 많이 찍어서 보여줘야겠어요,2024-03-01,0,79,Friday,79
5,정말 아름다운 곳이에요 여자친구랑 한 번 갔었는데 정말 좋았어요 기회가 된다면 또 갈 거예요 너무 좋아서 또 가고 싶어요,2024-02-04,0,67,Sunday,67
5,아이들을 위한 아름다운 곳이에요 특히 휴일에는 줄이 길어요 아이들이 많을 거예요 클루에아에서는 놀이기구를 타고 산책을 하고 성과 함께 사진을 찍을 수 있어요 아침 일찍 와서 줄을 서시는 걸 추천합니다,2024-01-28,0,111,Sunday,111
5,서울에 있는 롯데월드 놀이공원은 정말 크고 넓습니다 저희는 겨울에 갔는데 인공 눈 쇼가 펼쳐지고 있었어요 놀이기구도 많고 줄도 꽤 길었어요 사진 찍을 곳도 많았어요 사진 찍는 걸 좋아하시는 분들은 아마 좋아하실 거예요,2024-03-28,0,121,Thursday,121
5,정말 재밌었어요 규모는 컸지만 사람도 많았어요 제가 부지런하지 못해서 몇 가지밖에 못 했지만 음식은 맛있었고 분위기도 좋았어요 전반적으로 정말 좋았어요,2024-03-06,0,84,Wednesday,84
5,사용하기 쉬운 스캔하고 카드를 받으십시오 가격은 이벤트에서 구매하는 것보다 더 가치가 있습니다 하지만 나는 거의 플레이하지 않는다,2025-07-21,1,72,Monday,72
4,시설이 오래되고 에어컨도 없어서 여름에는 엄청 더울 것 같아요 마침 그날은 포켓몬 이벤트가 있어서 관련 테마 장식이 많았어요,2025-07-21,1,69,Monday,69
5,아이들이 정말 좋아해요,2025-07-21,1,12,Monday,12
5,그곳은 꽤 큰데 하루면 충분할 것 같아요,2025-07-20,1,22,Sunday,22
5,사용하기 쉽고 티켓을 구매하기 위해 줄을 설 필요가 없어 매우 좋습니다,2025-07-20,1,39,Sunday,39
5,매우 감사합니다,2025-07-20,1,8,Sunday,8
5,편리하고 사용하기 쉽습니다,2025-07-19,1,14,Saturday,14
2,비가 내리고 야외시설이 오픈하지 않아 매직패스가 낭비되었습니다,2025-07-19,1,34,Saturday,34
4,재밌게 놀았어요,2025-07-19,1,8,Saturday,8
5,야외 프로젝트는 현재 유지 관리 중이어서 플레이되지 않았습니다,2025-07-18,1,34,Friday,34
5,이곳은 방문할 가치가 있지만 프로젝트를 플레이하는 데는 시간이 많이 걸립니다,2025-07-18,1,42,Friday,42
4,투어 당일 비가 내려서 모든 야외 활동이 중단되었습니다 다행히 롯데월드에는 실내 공간이 있어서 비가 와도 투어를 즐길 수 있었습니다,2025-07-18,1,73,Friday,73
5,작은 3 고1 딸과 갔습니다혼잡 상태를 모르고 매직 패스 첨부 티켓으로 해 두었습니다 풍선의 놀이기구에 늘어놓으려고 하면 60분 기다렸기 때문에 매직 패스가 있어 쉬웠습니다 패스는 없어도 괜찮을 것 같습니다 원래 디즈니에 익숙해지면 여유네요 딕 패스 정답이었을지도 모릅니다,2025-07-17,1,152,Thursday,152
5,서비스 태도가 매우 좋습니다,2025-07-15,1,15,Tuesday,15
5,좋고 즐거운 곳,2025-07-15,1,8,Tuesday,8
5,실내는 시원해요,2025-07-15,1,8,Tuesday,8
2,실제로는 불가능하죠 하하하하,2025-07-15,1,15,Tuesday,15
5,재미있었습니다 실내이므로 비도 신경쓰지 않고 놀 수 있어서 굉장히 좋았다,2025-07-14,1,40,Monday,40
3,주중에는 사람이 많고 경험은 보통입니다,2025-07-14,1,21,Monday,21
5,티켓 구매 절차가 편리하고 다양한 티켓 종류를 선택할 수 있어 매우 실용적입니다 공원 입구에서 티켓을 스캔하여 바로 입장할 수 있습니다,2025-07-14,1,75,Monday,75
5,온라인으로 구매하고 바로 사용 가능 종이 티켓 교환 불필요 매우 편리,2025-07-14,1,38,Monday,38
5,훌륭하고 사용하기 쉽습니다,2025-07-13,1,14,Sunday,14
5,롯데 월드는 한국 부모자식 여행의 마지막 정류장입니다 올해는 베이 링과 샹디를 닦을 때 아기를 데려갔습니다 사실 롯데에 대한 기대는 많지 않습니다 결국 비교적 오래되었지만 10 살짜리 아기는 여전히 매우 놀고 있습니다 피  마법 패스를 구입하여 6 가지 프로젝트를 닦았습니다 놀라움과 천둥이있었습니다 그러나 가격은 여전히 높으며 두 번째 브러시로 자매를 데려 가야합니다  위치  송포 구 올림픽로드 240  교통  지하철 2 호선 잠실 역 4 번 출구 택시는 비싸지 않습니다 우리는 마포에서 롯데 게이트까지 택시를 타고 약 60 위안입니다  티켓 구매   하루 전에 구입 2 인 380rmb 전자 QR 코드로 공원으로 직접 스캔하면 종이 티켓을 변경할 필요가 없습니다 매직 패스는 공원 입구 매표소에서 구매해야하며 매일 한정 판매되며 오전 11시에 도착하며 대기열에 많은 사람들이 구입할 수 없습니다 5회권  54000원 7회권  75000원,2025-07-13,1,471,Sunday,471
5,이 티켓은 최고입니다,2025-07-12,1,11,Saturday,11
5,놀이시설은 많은데 최소 30분은 줄을 서야 합니다,2025-07-11,1,27,Friday,27
4,괜찮아요 아마 시설이 오래되었을 수도 있고요 쇼핑몰에 있고 제 아들은 게임을 좋아해요 여름이 더 적합해요 실내는 그렇게 덥지 않으니까요,2025-07-11,1,75,Friday,75
2,한 시간 동안 5 분 동안 줄을 서서 장비가 너무 오래되었습니다,2025-07-10,1,35,Thursday,35
5,실내 놀이터에는 다양한 놀이기구가 있어 부모와 자녀가 함께 온 가족에게 적합하며 어린이 놀이방도 매우 깨끗하고 정돈되어 있습니다 실외 시설 중 일부는 개보수 중이며 청소년에게 더 적합한 것으로 보입니다 유일한 단점은 공원 내 버거 패스트푸드 레스토랑의 맛이 정말 평범하다는 것입니다,2025-07-10,1,158,Thursday,157
5,QR 코드로 입장하는 것이 매우 편리합니다,2025-07-10,1,23,Thursday,23
5,매우 편리합니다  3 인 패키지를 구입하는 것이 매우 저렴합니다,2025-07-10,1,36,Thursday,35
5,아이들을 데려 오는 것이 좋지만 아이들은 1 미터 이상을 시도합니다,2025-07-10,1,37,Thursday,37
3,시설이 많지 않아 나이가 적은 어린이에게 적합하며 약간 실망합니다,2025-07-09,1,36,Wednesday,36
5,딸아이를 데리고 서울 시내에 있는 롯데월드에 한국 여행을 가려고 했는데 롯데에서 티켓 구매를 취소할 수 없어서 주문을 못 했어요 마침 트립에서 11 할인 티켓을 팔고 있어서 정말 기뻤어요 딸아이가 너는 아직 어려서 신나는 시설은 못 놀잖아라고 비웃었지만 10년 만에 다시 방문했던 실내 파크에 다시 가게 되어 정말 기뻐요 파크 계획도 포켓몬 특별전도 아직 남아 있고 기념품도 구경하기 좋고요  어린 시절 추억 천국으로 가는 계단 아,2025-07-09,1,241,Wednesday,241
5,아이들을위한 아주 좋은 곳,2025-07-09,1,15,Wednesday,14
5,이곳은 서울을 대표하는 관광 명소로 3세대가 함께 식사하기에 적합합니다 여름에는 어디든 더운 날씨이기 때문에 이곳은 분명 훌륭한 피서지입니다 모든 시설이 실내에 있어 더위를 걱정할 필요가 없고 모든 시설이 중앙 냉방으로 되어 있어 온도도 적당하며 내부 시설도 훌륭하고 서비스도 매우 좋습니다 정말 좋은 경험이었기에 방문할 가치가 충분합니다,2025-07-08,1,189,Tuesday,189
4,좋은 실내 놀이 공원 어린 아이들에게 좋고 붐비지 않습니다,2025-07-08,1,32,Tuesday,32
4,승차 예약 패스트패스 시스템이 잘 몰랐는데결국 2개만 타고 있는데하지만 즐거웠습니다,2025-07-08,1,46,Tuesday,46
4,간단히 말해서 방문할 가치가 있습니다,2025-07-07,1,20,Monday,20
5,티켓을 변경하지 않고 코드를 스캔하는 것이 매우 편리합니다,2025-07-07,1,32,Monday,32
4,한국에 처음 아이를 데려오는 분들도 체험해 볼 수 있고 교통도 편리해요,2025-07-07,1,39,Monday,39
5,놀이기구는 정말 재밌고 프랑스 혁명이 너무 흥미진진해요,2025-07-06,1,30,Sunday,30
5,매우 편리하고 여행 가격은 매우 비용 효율적입니다  칭찬  해외로 갈아 입는 필수 앱,2025-07-03,1,47,Thursday,47
5,매우 재미 있고 흥미 진진한 모험 프로젝트가 많이 있습니다 25 년 전 유원지는 여전히 깨끗하고 아름답습니다 한국 드라마의 추억으로 가득 차 있습니다 경험은 매우 좋고 비용 효과적이며 한국 청소년 데이트를위한 최고의 장소입니다,2025-07-03,1,126,Thursday,126
4,초등학교 단계의 어린이에게 더 적합합니다,2025-07-03,1,22,Thursday,22
5,Tripcom 티켓 구매가 매우 편리합니다,2025-07-03,1,23,Thursday,23
5,재미있었습니다,2025-07-01,1,8,Tuesday,7
4,좋은 느낌 좋은,2025-06-30,1,8,Monday,8
5,이번 롯데월드에 갔을 때는 날씨도 좋고 기온도 적당했습니다 공원에는 사람도 많았고 주변 환경도 깨끗하고 정돈되어 있었고 웨이터들도 친절하고 예의 바르게 응대해 주었습니다 실내외 놀이기구도 있어서 어른과 아이 모두 즐길 수 있었습니다,2025-06-29,1,129,Sunday,129
3,그것은 실내 해피 밸리의 축소 버전이며 특별한 기능은 없으며 모든 프로젝트가 줄 지어 있습니다 권장하지 않습니다,2025-06-29,1,62,Sunday,62
5,친구들과 함께 롯데월드에 가서 10개가 넘는 놀이기구를 탔어요 정말 신났어요 이렇게 좋은 가격에 이용할 수 있게 해주신 TRIPCOM에 정말 감사드려요 다음에 기회가 된다면 꼭 다시 이용하고 싶어요,2025-06-29,1,110,Sunday,110
5,여행 경험은 괜찮습니다 처음 방문하는 사람들은 야외 게임 구역으로 가는 길을 절대 찾을 수 없다는 점에 유의해야 합니다 야외로 나가려면 신밧드 어드벤처 옆에 있는 TRIP에서 티켓을 구매할 수 있는 건물이 있습니다 줄을 서서 10시까지 기다려 코드를 스캔하고 입장하세요 계단을 올라가 왼쪽으로 돌면 야외 롯데 매직 아일랜드로 나갈 수 있습니다 서둘러 오른쪽에 있는 시설에 입장하기 위해 줄을 서세요 정오 이후에는 실내로 돌아가 식사를 한 후 오후에 실내 시설을 이용하세요 이집트 파라오 시설도 인기 있는 시설이라는 점에 유의하세요 게임에 지치면 3D 및 4D 게임을 준비하세요 내부에 VISA 사물함이 있습니다 지폐를 바꿀 필요가 없습니다,2025-06-27,1,357,Friday,357
5,편리하고 재밌어요,2025-06-27,1,9,Friday,9
5,어린아이에게 적합,2025-06-26,1,9,Thursday,9
5,관광 명소는 평균입니다,2025-06-26,1,12,Thursday,12
5,친구와 갔다 휴일이었기 때문에 사람이 많아 시간도 없고 탈것에는 탈 수 없었습니다만 즐겁게 보낼 수 있었습니다 실내도 있고 여름 겨울에도 즐길 것 같습니다,2025-06-25,1,86,Wednesday,86
5,16시부터 갔지만 일요일에도 4번의 어트랙션을 탈 수 있었습니다 2명 이상이면 매우 가성비가 좋아서 매우 좋았습니다 자이드 윙이 마음에 들었습니다,2025-06-25,1,81,Wednesday,81
5,오래된 놀이공원인데 정말 클래식해요 부촌에 위치한 롯데빌딩은 정말 멋져요 시내 중심가에 있는 놀이공원이 마음에 들어요 아주 편리하고요 다음에 또 갈 거예요,2025-06-25,1,86,Wednesday,86
4,가본 적이 없는 것이 좋은 선택입니다,2025-06-24,1,20,Tuesday,20
5,가격도 저렴하고요 좋은 선택이에요,2025-06-24,1,18,Tuesday,18
5,롯데월드는 야외와 실내를 모두 갖춘 테마파크입니다 퍼레이드는 경쾌한 삼바의 리듬을 타고 시작되었습니다,2025-06-23,1,56,Monday,56
4,실내에서 날씨를 신경 쓰지 않고 즐길 수 있는 것이 좋습니다 엘리베이터 수가 적고 시간이 많이 걸리기 때문에 유모차로 이동이 어려움을 겪었습니다,2025-06-22,1,80,Sunday,80
4,목요일에 입장했지만 여전히 많은 사람들이 있으며 대부분의 게임은 70 분에서 90 분 이상을 정렬해야합니다 게임은 10 년 전과 거의 동일하며 약간 구식입니다 게임은 너무 오래 걸릴 것입니다 𣎴은 그만한 가치가 있습니다,2025-06-21,1,122,Saturday,122
2,가격면에서 찢어진 느낌이 있습니다 그날 너무 추웠고 많은 시설이 열리지 않았습니다 그러나 음식은 맛있습니다,2025-06-20,1,59,Friday,59
5,점원은 매우 친절합니다,2025-06-20,1,12,Friday,12
5,롯데월드는 두 번째 방문이에요 프로젝트들을 이제 막 시작했어요 밖은 좀 더운데 아이들과 함께 안에서 공연을 볼 수 있어서 좋아요 줄을 오래 서지 않아도 되니까요 아직 안 가보셨다면 꼭 한번 가보세요,2025-06-18,1,110,Wednesday,110
5,꽤 재미있다,2025-06-18,1,6,Wednesday,6
5,우선 매직 패스를 구매하시는 걸 추천합니다 어떤 프로젝트는 1시간씩 줄을 서야 하고 오래 서 있어야 하는 경우도 있지만 솔직히 말해서 파크 내 소비는 저렴합니다,2025-06-17,1,89,Tuesday,89
1,놀이 시설은 보통,2025-06-16,1,9,Monday,9
5,방문할만한 곳,2025-06-16,1,7,Monday,7
5,꽤 괜찮고 프로젝트도 많은데 어떤 프로젝트는 사람들이 너무 많이 줄을 서 있어요 예를 들어 실내 열기구 줄은 1시간 30분 이상이에요 평일에요,2025-06-15,1,79,Sunday,79
4,이 공원은 몇 번이고 놀 수 있습니다  지하철과 도시 근처,2025-06-15,1,32,Sunday,32
5,멋진 전망 매우 재미 놀이 공원에 쉽게 접근 할 수 있습니다,2025-06-14,1,33,Saturday,33
5,아이들은 특히 놀기를 좋아합니다,2025-06-14,1,17,Saturday,17
5,티켓 구매가 편리합니다 QR 코드로 입장,2025-06-12,1,23,Thursday,22
5,나쁘지 않아요,2025-06-12,1,7,Thursday,7
5,좋아 좋아 좋아 좋아 좋아 좋아 좋아 좋아 좋아 좋아 좋아 좋아 좋아 좋아 좋아 좋아 좋아 좋아 좋아 좋아 좋아 좋아 좋아 좋아 좋아 좋아 좋아 좋아 좋아 좋아 좋아 좋아 좋아 좋아,2025-06-12,1,101,Thursday,101
5,한국 드라마에 자주 나오는 곳이에요 실내외 디자인이 아주 훌륭해요 드디어 체크인도 잘 됐어요 공원에 있는 카페와 치킨집도 맛있어요 피곤할 땐 애프터눈 티를 먹고 어두워지면 다시 치킨을 먹었어요 야경도 아름다워요,2025-06-10,1,117,Tuesday,117
5,최근 한국 롯데월드를 방문했는데 전반적으로 매우 즐거운 경험이었습니다 우선 놀이공원의 시설은 매우 완벽하고 참신했으며 특히 롤러코스터와 회전목마 같은 고전적인 놀이기구는 독특한 디자인뿐만 아니라 부드럽게 작동하여 많은 즐거움을 선사했습니다 둘째 서비스 직원들은 친절하고 관광객들의 질문에 인내심을 가지고 답변하며 시의적절한 도움을 제공합니다 또한 놀이공원에는 다양한 먹거리가 있어 한국식 간식부터 세계 각국의 요리까지 만족스러운 맛을 찾을 수 있습니다 전반적으로 한국의 롯데월드는 엔터테인먼트 식사 그리고 수준 높은 서비스를 즐기기에 좋은 곳입니다 가족 여행이든 친구들과의 모임이든 이곳에서 즐거운 시간을 보낼 수 있습니다 한국 놀이공원의 재미를 경험하고 싶은 모든 분들께 강력 추천합니다,2025-06-10,1,385,Tuesday,385
5,슈퍼 재미 친구와 함께 두 번 놀고 흥미롭고 즐거운 풍경 여름 여행에 매우 적합 매우 행복 2 시간 동안 놀 수 있습니다 부모와 자식 휴가를 즐기기에 좋은 곳 가격도 저렴합니다,2025-06-09,1,98,Monday,98
5,행사장에서 사는 것보다 훨씬 저렴해요 매직 패스랑 같이 구매하면 긴 줄을 설 필요도 없고 더 가치 있어요 여행 중에 구매해서 정말 다행이에요,2025-06-04,1,78,Wednesday,78
